,model,store,sale,version,price
0,纽曼M560_256MB,创于佳讯数码专营店,3.0万+,256MB,95.0
1,荣耀9x_4GB64GB,荣耀官方旗舰店,2.0万+,4GB64GB,1199.0
1,荣耀9x_6GB64GB,荣耀官方旗舰店,2.0万+,6GB64GB,1299.0
1,荣耀9x_6GB128GB,荣耀官方旗舰店,2.0万+,6GB128GB,1899.0
1,荣耀9x_8GB128GB,荣耀官方旗舰店,2.0万+,8GB128GB,2099.0
2,尼凯恩EN3_32MB,尼凯恩旗舰店,2.0万+,32MB,95.0
4,华为Mate30Pro5G_8GB128GB,华为官方旗舰店,1.5万+,8GB128GB,6399.0
4,华为Mate30Pro5G_8GB256GB,华为官方旗舰店,1.5万+,8GB256GB,6899.0
4,华为Mate30Pro5G_8GB512GB,华为官方旗舰店,1.5万+,8GB512GB,7899.0
5,红米K30_6GB128GB,小米官方旗舰店,1.5万+,6GB128GB,1699.0
5,红米K30_8GB128GB,小米官方旗舰店,1.5万+,8GB128GB,1899.0
5,红米K30_8GB256GB,小米官方旗舰店,1.5万+,8GB256GB,2199.0
6,vivoZ5X_6GB64GB,vivo官方旗舰店,1.0万+,6GB64GB,1298.0
6,vivoZ5X_6GB128GB,vivo官方旗舰店,1.0万+,6GB128GB,1398.0
7,红米Note8_4GB64GB,小米官方旗舰店,1.0万+,4GB64GB,999.0
7,红米Note8_6GB64GB,小米官方旗舰店,1.0万+,6GB64GB,1099.0
7,红米Note8_6GB128GB,小米官方旗舰店,1.0万+,6GB128GB,1299.0
8,红米8A_3GB32GB,小米官方旗舰店,1.0万+,3GB32GB,699.0
8,红米8A_4GB64GB,小米官方旗舰店,1.0万+,4GB64GB,699.0
9,华为Mate305G_8GB128GB,华为官方旗舰店,1.0万+,8GB128GB,4999.0
9,华为Mate305G_8GB256GB,华为官方旗舰店,1.0万+,8GB256GB,5499.0
11,华为畅享10plus_4GB128GB,华为官方旗舰店,1.0万+,4GB128GB,1399.0
11,华为畅享10plus_6GB128GB,华为官方旗舰店,1.0万+,6GB128GB,1699.0
11,华为畅享10plus_8GB128GB,华为官方旗舰店,1.0万+,8GB128GB,1899.0
13,vivoZ5_6GB128GB,vivo官方旗舰店,1.0万+,6GB128GB,1598.0
13,vivoZ5_8GB128GB,vivo官方旗舰店,1.0万+,8GB128GB,2098.0
15,红米Note8Pro_6GB64GB,小米官方旗舰店,1.0万+,6GB64GB,1199.0
15,红米Note8Pro_6GB128GB,小米官方旗舰店,1.0万+,6GB128GB,1399.0
15,红米Note8Pro_8GB128GB,小米官方旗舰店,1.0万+,8GB128GB,1599.0
15,红米Note8Pro_8GB256GB,小米官方旗舰店,1.0万+,8GB256GB,1799.0
16,iPhone11_64GB,苏宁易购官方旗舰店,1.0万+,64GB,5499.0
16,iPhone11_128GB,苏宁易购官方旗舰店,1.0万+,128GB,5999.0
17,荣耀8X_6GB64GB,荣耀官方旗舰店,1.0万+,6GB64GB,1099.0
17,荣耀8X_6GB128GB,荣耀官方旗舰店,1.0万+,6GB128GB,1549.0
18,华为nova5Pro_8GB128GB,华为官方旗舰店,9500+,8GB128GB,2499.0
18,华为nova5Pro_8GB256GB,华为官方旗舰店,9500+,8GB256GB,2899.0
19,天语R7_256MB,天语强宇专卖店,9000+,256MB,95.0
20,红米K20Pro尊享版_12GB512GB,小米官方旗舰店,8500+,12GB512GB,2799.0
21,华为nova5z_6GB128GB,华为官方旗舰店,8500+,6GB128GB,1799.0
22,vivoU3x_3GB64GB,vivo官方旗舰店,8500+,3GB64GB,899.0
22,vivoU3x_4GB64GB,vivo官方旗舰店,8500+,4GB64GB,999.0
22,vivoU3x_3GB32GB,vivo官方旗舰店,8500+,3GB32GB,799.0
23,VOVGX27_16GB,VOVG正品手机店,8500+,16GB,358.0
23,VOVGX27_32GB,VOVG正品手机店,8500+,32GB,388.0
23,VOVGX27_64GB,VOVG正品手机店,8500+,64GB,438.0
24,OPPOK5_6GB128GB,OPPO官方旗舰店,8500+,6GB128GB,1799.0
24,OPPOK5_8GB128GB,OPPO官方旗舰店,8500+,8GB128GB,1999.0
25,华为P30_8GB128GB,华为官方旗舰店,8000+,8GB128GB,3688.0
25,华为P30_8GB256GB,华为官方旗舰店,8000+,8GB256GB,4188.0
25,华为P30_6GB128GB,华为官方旗舰店,8000+,6GB128GB,3388.0
26,荣耀20_8GB128GB,荣耀官方旗舰店,8000+,8GB128GB,2399.0
26,荣耀20_8GB256GB,荣耀官方旗舰店,8000+,8GB256GB,2699.0
27,荣耀V20_8GB128GB,荣耀官方旗舰店,8000+,8GB128GB,2399.0
28,关爱心G1_256MB,关爱心旗舰店,8000+,256MB,95.0
29,华为畅享9e_3GB32GB,华为官方旗舰店,8000+,3GB32GB,699.0
29,华为畅享9e_3GB64GB,华为官方旗舰店,8000+,3GB64GB,899.0
30,iPhone7Plus_32GB,喜洋洋工作室,8000+,32GB,1900.0
30,iPhone7Plus_128GB,喜洋洋工作室,8000+,128GB,1950.0
30,iPhone7Plus_256GB,喜洋洋工作室,8000+,256GB,2160.0
31,纽曼l6+_64MB,纽曼深圳专卖店,7500+,64MB,85.0
32,iPhone11_128GB,洋桃旗舰店,7500+,128GB,5999.0
32,iPhone11_64GB,洋桃旗舰店,7500+,64GB,5499.0
33,VJVJX21S_16GB,华信通数码商城,7000+,16GB,368.0
33,VJVJX21S_32GB,华信通数码商城,7000+,32GB,458.0
33,VJVJX21S_64GB,华信通数码商城,7000+,64GB,518.0
34,iPhone7Plus_32GB,梧桐数码通讯,7000+,32GB,2230.0
34,iPhone7Plus_128GB,梧桐数码通讯,7000+,128GB,2430.0
34,iPhone7Plus_256GB,梧桐数码通讯,7000+,256GB,2570.0
35,荣耀V30_6GB128GB,荣耀官方旗舰店,6500+,6GB128GB,3299.0
35,荣耀V30_8GB128GB,荣耀官方旗舰店,6500+,8GB128GB,3699.0
36,华为Mate30_6GB128GB,华为官方旗舰店,6500+,6GB128GB,3999.0
36,华为Mate30_8GB128GB,华为官方旗舰店,6500+,8GB128GB,4299.0
38,誉品Y550_256MB,誉品旗舰店,6000+,256MB,79.0
39,纽曼L8S_256MB,深圳易乐购数码专营店,6000+,256MB,95.0
40,荣耀magic2_8GB128GB,荣耀官方旗舰店,5500+,8GB128GB,1799.0
41,皓轩（手机）H5_64MB,皓轩手机旗舰店,5500+,64MB,49.0
42,小米CC9E_4GB128GB,小米官方旗舰店,5500+,4GB128GB,1099.0
42,小米CC9E_6GB128GB,小米官方旗舰店,5500+,6GB128GB,1299.0
43,iPhone8_64GB,喜洋洋工作室,5000+,64GB,2400.0
43,iPhone8_256GB,喜洋洋工作室,5000+,256GB,2900.0
44,OPPOK3_6GB64GB,OPPO官方旗舰店,5000+,6GB64GB,1399.0
45,荣耀V30PRO_8GB256GB,荣耀官方旗舰店,5000+,8GB256GB,4199.0
46,宝泰尔_32GB,旅游数码欢乐坊,5000+,32GB,960.0
46,宝泰尔_64GB,旅游数码欢乐坊,5000+,64GB,1020.0
46,宝泰尔_128GB,旅游数码欢乐坊,5000+,128GB,1120.0
47,vivoiQOONeo855_6GB128GB,vivo官方旗舰店,5000+,6GB128GB,2198.0
47,vivoiQOONeo855_8GB128GB,vivo官方旗舰店,5000+,8GB128GB,2498.0
47,vivoiQOONeo855_6GB64GB,vivo官方旗舰店,5000+,6GB64GB,1998.0
48,荣耀20i_6GB64GB,荣耀官方旗舰店,5000+,6GB64GB,1199.0
48,荣耀20i_6GB128GB,荣耀官方旗舰店,5000+,6GB128GB,1399.0
49,iPhone7Plus_32GB,时尚苹果 十二年电商,5000+,32GB,1580.0
49,iPhone7Plus_128GB,时尚苹果 十二年电商,5000+,128GB,1650.0
49,iPhone7Plus_256GB,时尚苹果 十二年电商,5000+,256GB,1830.0
51,长虹L9_512MB,慕尚年华数码专营店,4748,512MB,129.0
52,荣耀20青春版_4GB64GB,荣耀官方旗舰店,4712,4GB64GB,1099.0
52,荣耀20青春版_6GB64GB,荣耀官方旗舰店,4712,6GB64GB,1399.0
52,荣耀20青春版_6GB128GB,荣耀官方旗舰店,4712,6GB128GB,1699.0
52,荣耀20青春版_8GB128GB,荣耀官方旗舰店,4712,8GB128GB,1899.0
53,创星（手机）S1_256MB,炜广天成数码专营店,4580,256MB,95.0
54,vivoiQOOPro5G_8GB128GB,vivo官方旗舰店,4563,8GB128GB,3298.0
54,vivoiQOOPro5G_12GB128GB,vivo官方旗舰店,4563,12GB128GB,3798.0
55,iPhoneXR_128GB,苏宁易购官方旗舰店,4488,128GB,5088.0
56,OPPORenoAce_8GB128GB,OPPO官方旗舰店,4475,8GB128GB,2999.0
56,OPPORenoAce_8GB256GB,OPPO官方旗舰店,4475,8GB256GB,3199.0
57,ivvi_32GB,五洲科技,4364,32GB,548.0
57,ivvi_64GB,五洲科技,4364,64GB,588.0
57,ivvi_128GB,五洲科技,4364,128GB,688.0
58,纽曼F9_512MB,慕尚年华数码专营店,4330,512MB,168.0
59,华为P30PRO_8GB128GB,华为官方旗舰店,4219,8GB128GB,4488.0
59,华为P30PRO_8GB256GB,华为官方旗舰店,4219,8GB256GB,4988.0
59,华为P30PRO_8GB512GB,华为官方旗舰店,4219,8GB512GB,5788.0
60,iPhone8Plus_64GB,唯心数码汇,4216,64GB,2250.0
60,iPhone8Plus_256GB,唯心数码汇,4216,256GB,2490.0
61,iPhone7Plus_32GB,Mob Digital,4069,32GB,2110.0
61,iPhone7Plus_128GB,Mob Digital,4069,128GB,2280.0
61,iPhone7Plus_256GB,Mob Digital,4069,256GB,2400.0
62,纽曼W560_256MB,深圳易乐购数码专营店,3993,256MB,95.0
63,荣耀9x_6GB64GB,苏宁易购官方旗舰店,3941,6GB64GB,1299.0
63,荣耀9x_6GB128GB,苏宁易购官方旗舰店,3941,6GB128GB,1799.0
63,荣耀9x_4GB64GB,苏宁易购官方旗舰店,3941,4GB64GB,1199.0
64,华为畅享9_4GB64GB,华为官方旗舰店,3931,4GB64GB,999.0
65,荣耀畅玩8A_3GB32GB,荣耀官方旗舰店,3879,3GB32GB,599.0
65,荣耀畅玩8A_3GB64GB,荣耀官方旗舰店,3879,3GB64GB,999.0
67,诺基亚105新SS_4MB,苏宁易购官方旗舰店,3778,4MB,139.0
68,守护宝L105_无,嘉宇金成数码专营店,3772,无,95.0
69,华为SPN-AL00_8GB128GB,华为官方旗舰店,3756,8GB128GB,2099.0
69,华为SPN-AL00_8GB256GB,华为官方旗舰店,3756,8GB256GB,2399.0
70,爱宝隆_32GB,嘉祥数码,3617,32GB,930.0
70,爱宝隆_64GB,嘉祥数码,3617,64GB,1010.0
70,爱宝隆_128GB,嘉祥数码,3617,128GB,1110.0
71,荣耀Play3_4GB64GB,荣耀官方旗舰店,3547,4GB64GB,899.0
71,荣耀Play3_6GB64GB,荣耀官方旗舰店,3547,6GB64GB,1299.0
72,iPhoneXR_64GB,钱柜数码 钱柜集市,3539,64GB,3380.0
72,iPhoneXR_128GB,钱柜数码 钱柜集市,3539,128GB,3750.0
72,iPhoneXR_256GB,钱柜数码 钱柜集市,3539,256GB,3880.0
73,红米Note8Pro_6GB128GB,苏宁易购官方旗舰店,3451,6GB128GB,1399.0
73,红米Note8Pro_8GB128GB,苏宁易购官方旗舰店,3451,8GB128GB,1599.0
73,红米Note8Pro_8GB256GB,苏宁易购官方旗舰店,3451,8GB256GB,1799.0
73,红米Note8Pro_6GB64GB,苏宁易购官方旗舰店,3451,6GB64GB,1199.0
75,华为nova5Pro_8GB128GB,京合旗舰店,3360,8GB128GB,2499.0
75,华为nova5Pro_8GB256GB,京合旗舰店,3360,8GB256GB,2899.0
76,华为畅享8e青春_2GB32GB,华为官方旗舰店,3356,2GB32GB,799.0
77,红米7A_2GB32GB,小米官方旗舰店,3349,2GB32GB,539.0
77,红米7A_3GB32GB,小米官方旗舰店,3349,3GB32GB,549.0
78,红米Note8_4GB64GB,苏宁易购官方旗舰店,3282,4GB64GB,999.0
78,红米Note8_6GB64GB,苏宁易购官方旗舰店,3282,6GB64GB,1099.0
78,红米Note8_6GB128GB,苏宁易购官方旗舰店,3282,6GB128GB,1299.0
80,诺基亚105新SS_4GB4MB,天讯蓝图数码专营店,3127,4GB4MB,139.0
81,飞利浦E212A_32MB,伟业恒通数码专营店,3083,32MB,258.0
82,纽曼M6_64MB,纽曼深圳专卖店,3066,64MB,168.0
84,红米7A_3GB32GB,苏宁易购官方旗舰店,2872,3GB32GB,599.0
85,iPhoneX_64GB,奕星科技城,2869,64GB,3600.0
85,iPhoneX_256GB,奕星科技城,2869,256GB,4000.0
86,尼凯恩EN8_32MB,淘杰翔数码专营店,2817,32MB,89.0
87,华为Mate30Pro_8GB128GB,华为官方旗舰店,2790,8GB128GB,5799.0
87,华为Mate30Pro_8GB256GB,华为官方旗舰店,2790,8GB256GB,6299.0
88,iPhone7Plus_32GB,格拉科技,2756,32GB,1500.0
88,iPhone7Plus_128GB,格拉科技,2756,128GB,1650.0
88,iPhone7Plus_256GB,格拉科技,2756,256GB,1750.0
89,红米8A_3GB32GB,苏宁易购官方旗舰店,2743,3GB32GB,699.0
89,红米8A_4GB64GB,苏宁易购官方旗舰店,2743,4GB64GB,749.0
90,守护宝上海中兴L550_32MB,苏宁易购官方旗舰店,2736,32MB,86.0
92,小米CC9PRO_6GB128GB,小米官方旗舰店,2723,6GB128GB,2599.0
92,小米CC9PRO_8GB128GB,小米官方旗舰店,2723,8GB128GB,2799.0
93,iPhone7Plus_32GB,天南数码科技,2707,32GB,1600.0
93,iPhone7Plus_128GB,天南数码科技,2707,128GB,1700.0
93,iPhone7Plus_256GB,天南数码科技,2707,256GB,1850.0
94,荣耀9x_4GB64GB,广东电信亿品汇专卖店,2694,4GB64GB,1099.0
94,荣耀9x_6GB64GB,广东电信亿品汇专卖店,2694,6GB64GB,1399.0
94,荣耀9x_6GB128GB,广东电信亿品汇专卖店,2694,6GB128GB,1799.0
94,荣耀9x_8GB128GB,广东电信亿品汇专卖店,2694,8GB128GB,1999.0
95,iPhoneX_64GB,东和数码,2676,64GB,3550.0
95,iPhoneX_256GB,东和数码,2676,256GB,3950.0
96,硕王SAILFR20_3GB32G,硕王捷信时代专卖店,2672,3GB32G,398.0
96,硕王SAILFR20_4GB32,硕王捷信时代专卖店,2672,4GB32,498.0
96,硕王SAILFR20_6GB64G,硕王捷信时代专卖店,2672,6GB64G,598.0
96,硕王SAILFR20_6GB128G,硕王捷信时代专卖店,2672,6GB128G,698.0
98,iPhoneXSMax_64GB,澳华数码潮品汇,2620,64GB,4500.0
98,iPhoneXSMax_256GB,澳华数码潮品汇,2620,256GB,4750.0
99,小米青春版_128GB,叮当数码手机,2619,128GB,1395.0
100,小米CC9_6GB128GB,小米官方旗舰店,2569,6GB128GB,1699.0
101,小辣椒Q8_256MB,炜广天成数码专营店,2558,256MB,99.0
102,红米8_3GB32GB,小米官方旗舰店,2524,3GB32GB,699.0
102,红米8_4GB64GB,小米官方旗舰店,2524,4GB64GB,799.0
103,iPhone11ProMax_64GB,苏宁易购官方旗舰店,2453,64GB,9599.0
104,iPhone8_64GB,AC国际科技,2452,64GB,1930.0
106,尼凯恩EN3c_32MB,尼凯恩旗舰店,2422,32MB,99.0
108,华为2299_64MB,华翼数码,2384,64MB,238.0
110,21KEQF9_512MB,晟功数码专营店,2304,512MB,299.0
111,OPPOK5_6GB128GB,苏宁易购官方旗舰店,2288,6GB128GB,1799.0
111,OPPOK5_8GB128GB,苏宁易购官方旗舰店,2288,8GB128GB,1999.0
112,iPhoneXSMax_64GB,年轻玩物主义,2282,64GB,3300.0
114,纽曼L660_256MB,青柠时代数码专营店,2275,256MB,269.0
115,小辣椒F6_32MB,尚亿汇通数码专营店,2274,32MB,129.0
116,荣耀20i_6GB64GB,三际数码官方旗舰店,2264,6GB64GB,999.0
116,荣耀20i_4GB128GB,三际数码官方旗舰店,2264,4GB128GB,1299.0
116,荣耀20i_6GB128GB,三际数码官方旗舰店,2264,6GB128GB,1499.0
116,荣耀20i_6GB256GB,三际数码官方旗舰店,2264,6GB256GB,1799.0
117,OPPOA5_3GB32GB,OPPO官方旗舰店,2242,3GB32GB,699.0
118,iPhoneXR_64GB,淘贝贝数码城,2240,64GB,4550.0
119,荣耀20i_6GB64GB,广东电信亿品汇专卖店,2222,6GB64GB,999.0
119,荣耀20i_4GB128GB,广东电信亿品汇专卖店,2222,4GB128GB,1299.0
119,荣耀20i_6GB256GB,广东电信亿品汇专卖店,2222,6GB256GB,1899.0
119,荣耀20i_6GB128GB,广东电信亿品汇专卖店,2222,6GB128GB,1499.0
120,关爱心G3_256MB,创于佳讯数码专营店,2201,256MB,95.0
121,华为nova6SE_8GB128GB,华为官方旗舰店,2197,8GB128GB,2199.0
122,荣耀V20_,苏宁易购官方旗舰店,2183,,
123,红米K20Pro尊享版_12GB512GB,苏宁易购官方旗舰店,2173,12GB512GB,2999.0
125,HY_64MB,易购手机大卖场,2169,64MB,295.0
126,荣耀8XMAX_6GB64GB,荣耀官方旗舰店,2161,6GB64GB,999.0
126,荣耀8XMAX_6GB128GB,荣耀官方旗舰店,2161,6GB128GB,1299.0
127,魅族魅族16sPro_6GB128GB,魅族官方旗舰店,2151,6GB128GB,2699.0
127,魅族魅族16sPro_8GB128GB,魅族官方旗舰店,2151,8GB128GB,2999.0
129,iPhone8Plus_64GB,华强手机批发,2118,64GB,2050.0
130,关爱心G3_256MB,关爱心旭光明专卖店,2114,256MB,95.0
131,iPhone8Plus_64GB,新能源数码,2098,64GB,2100.0
131,iPhone8Plus_128GB,新能源数码,2098,128GB,2400.0
131,iPhone8Plus_256GB,新能源数码,2098,256GB,2430.0
132,iPhone11Pro_64GB,苏宁易购官方旗舰店,1569,64GB,8699.0
134,vivoU3x_3GB64GB,苏宁易购官方旗舰店,1543,3GB64GB,899.0
134,vivoU3x_4GB64GB,苏宁易购官方旗舰店,1543,4GB64GB,999.0
134,vivoU3x_3GB32GB,苏宁易购官方旗舰店,1543,3GB32GB,799.0
135,关爱心A5_256MB,关爱心赫尔曼专卖店,1536,256MB,95.0
136,荣耀8X_6GB64GB,苏宁易购官方旗舰店,1528,6GB64GB,1099.0
137,华为nova5i_6GB128GB,蓝港数码专营店,1522,6GB128GB,1999.0
137,华为nova5i_8GB128GB,蓝港数码专营店,1522,8GB128GB,2199.0
138,iPhone6S16G_16GB,数码通讯科技港,1491,16GB,799.0
139,vivoX27_8GB128GB,vivo官方旗舰店,1470,8GB128GB,2498.0
140,华为nova5i_6GB128GB,小淘器数码专营店,1462,6GB128GB,1799.0
140,华为nova5i_8GB128GB,小淘器数码专营店,1462,8GB128GB,1999.0
141,荣耀NOTE10_6GB64GB,荣耀官方旗舰店,1454,6GB64GB,1599.0
141,荣耀NOTE10_6GB128GB,荣耀官方旗舰店,1454,6GB128GB,2099.0
141,荣耀NOTE10_8GB128GB,荣耀官方旗舰店,1454,8GB128GB,2199.0
142,红米Note8Pro_6GB64GB,小米官方旗舰店,1441,6GB64GB,1199.0
142,红米Note8Pro_6GB128GB,小米官方旗舰店,1441,6GB128GB,1399.0
142,红米Note8Pro_8GB128GB,小米官方旗舰店,1441,8GB128GB,1599.0
142,红米Note8Pro_8GB256GB,小米官方旗舰店,1441,8GB256GB,1799.0
143,iPhone11_64GB,苏宁易购官方旗舰店,1440,64GB,5499.0
143,iPhone11_128GB,苏宁易购官方旗舰店,1440,128GB,5999.0
146,荣耀9XPRO_8GB128GB,荣耀官方旗舰店,1426,8GB128GB,1999.0
146,荣耀9XPRO_8GB256GB,荣耀官方旗舰店,1426,8GB256GB,2199.0
147,vivoiQOOPro_8GB128GB,vivo官方旗舰店,1422,8GB128GB,2898.0
147,vivoiQOOPro_12GB128GB,vivo官方旗舰店,1422,12GB128GB,3198.0
148,飞利浦E109C_32MB,华晖数码专营店,1406,32MB,89.0
149,iPhone8_64GB,苏宁易购官方旗舰店,1384,64GB,3488.0
150,华为P30PRO_8GB128GB,苏宁易购官方旗舰店,1381,8GB128GB,4488.0
150,华为P30PRO_8GB256GB,苏宁易购官方旗舰店,1381,8GB256GB,4988.0
151,波导A520C_32MB,波导七星级专卖店,1380,32MB,158.0
152,索爱SA-Z6_32MB,索爱数码旗舰店,1380,32MB,229.0
154,诺基亚600_32MB,数码科技123q,1328,32MB,139.0
155,荣耀20i_6GB64GB,苏宁易购官方旗舰店,1309,6GB64GB,1099.0
155,荣耀20i_6GB128GB,苏宁易购官方旗舰店,1309,6GB128GB,1399.0
157,华为畅享9_3GB32GB,小淘器数码专营店,1297,3GB32GB,779.0
157,华为畅享9_4GB64GB,小淘器数码专营店,1297,4GB64GB,999.0
157,华为畅享9_4GB128GB,小淘器数码专营店,1297,4GB128GB,1199.0
158,华为畅享9_3GB32GB,蓝港数码专营店,1293,3GB32GB,799.0
158,华为畅享9_4GB64GB,蓝港数码专营店,1293,4GB64GB,999.0
158,华为畅享9_4GB128GB,蓝港数码专营店,1293,4GB128GB,1199.0
159,华为nova5Pro_128GB,深圳远望数码手机,1282,128GB,5.0
159,华为nova5Pro_256GB,深圳远望数码手机,1282,256GB,5.0
160,天语R7C_256MB,天语强宇专卖店,1278,256MB,99.0
161,华为Mate305G_8GB128GB,苏宁易购官方旗舰店,1267,8GB128GB,4999.0
161,华为Mate305G_8GB256GB,苏宁易购官方旗舰店,1267,8GB256GB,5499.0
163,荣耀10青春版_6GB64GB,苏宁易购官方旗舰店,1261,6GB64GB,1099.0
164,纽曼F6_32MB,金辉天成数码专营店,1246,32MB,119.0
165,华为mate30pro_128GB,国货平价网,1236,128GB,3288.0
166,华为HuaweiMate30_128GB,e酷手机网精品店,1236,128GB,3288.0
167,朵唯D520_128MB,朵唯深圳专卖店,1231,128MB,138.0
168,纽曼L99S_64MB,纽曼易为理想专卖店,1225,64MB,69.0
169,红米8A_16GB,松达汇手机,1217,16GB,550.59
170,红米K30_6GB128GB,苏宁易购官方旗舰店,1216,6GB128GB,1699.0
170,红米K30_8GB128GB,苏宁易购官方旗舰店,1216,8GB128GB,1899.0
170,红米K30_8GB256GB,苏宁易购官方旗舰店,1216,8GB256GB,2199.0
171,诺基亚新106_4MB,哥小哥数码专营店,1215,4MB,129.0
172,小米9_8GB256GB,广东电信亿品汇专卖店,1207,8GB256GB,3399.0
174,LGRAVER_4GB,亿添富数码广场,1187,4GB,376.0
175,OPPOReno2_8GB128GB,OPPO官方旗舰店,1184,8GB128GB,2999.0
176,荣耀V20_6GB128GB,三际数码官方旗舰店,1182,6GB128GB,1699.0
176,荣耀V20_8GB128GB,三际数码官方旗舰店,1182,8GB128GB,2399.0
177,荣耀9x_128GB,白开水数码,1182,128GB,1458.0
178,iPhone11_64GB,三际数码官方旗舰店,1176,64GB,5288.0
178,iPhone11_128GB,三际数码官方旗舰店,1176,128GB,5858.0
178,iPhone11_256GB,三际数码官方旗舰店,1176,256GB,6688.0
179,努比亚NX629J_128GB,叮当数码手机,1169,128GB,2809.0
180,纽曼S9_256MB,纽曼幸福专卖店,1167,256MB,158.0
181,iPhone8_256GB,正品全面屏手机店,1166,256GB,2550.0
182,VDVD_16GB,三家家数码店,1163,16GB,358.0
182,VDVD_32GB,三家家数码店,1163,32GB,428.0
182,VDVD_64GB,三家家数码店,1163,64GB,468.0
183,vivoZ5_8GB128GB,苏宁易购官方旗舰店,1160,8GB128GB,2098.0
183,vivoZ5_6GB128GB,苏宁易购官方旗舰店,1160,6GB128GB,1598.0
184,小米CC9PRO_128GB,深圳远望数码手机,1156,128GB,5.0
185,iPhoneX_64GB,C位数码科技,1147,64GB,3450.0
185,iPhoneX_256GB,C位数码科技,1147,256GB,3850.0
186,华为畅享10plus_4GB128GB,蓝港数码专营店,1143,4GB128GB,1399.0
186,华为畅享10plus_6GB128GB,蓝港数码专营店,1143,6GB128GB,1699.0
186,华为畅享10plus_8GB128GB,蓝港数码专营店,1143,8GB128GB,1899.0
187,vivoX27_8GB256GB,vivo衡视专卖店,1139,8GB256GB,2798.0
187,vivoX27_8GB128GB,vivo衡视专卖店,1139,8GB128GB,2498.0
188,_64GB,壹加陆科技城,1139,64GB,3350.0
188,_256GB,壹加陆科技城,1139,256GB,3750.0
189,华为畅享10_4GB64GB,巨利泰数码专营店,1127,4GB64GB,1199.0
189,华为畅享10_6GB64GB,巨利泰数码专营店,1127,6GB64GB,1399.0
189,华为畅享10_4GB128GB,巨利泰数码专营店,1127,4GB128GB,1399.0
190,vivoZ5X_6GB128GB,首佳誉数码专营店,1126,6GB128GB,1398.0
190,vivoZ5X_6GB64GB,首佳誉数码专营店,1126,6GB64GB,1298.0
191,红米Note8_128GB,土豪金手机,1120,128GB,1395.0
192,_64GB,智能精品手机店,1113,64GB,2200.0
192,_256GB,智能精品手机店,1113,256GB,2600.0
194,荣耀20青春版_4GB64GB,京合旗舰店,1109,4GB64GB,1099.0
194,荣耀20青春版_6GB64GB,京合旗舰店,1109,6GB64GB,1399.0
194,荣耀20青春版_6GB128GB,京合旗舰店,1109,6GB128GB,1699.0
194,荣耀20青春版_8GB128GB,京合旗舰店,1109,8GB128GB,1899.0
195,华为畅享9PLUS_4GB64GB,蓝港数码专营店,1109,4GB64GB,1299.0
195,华为畅享9PLUS_4GB128GB,蓝港数码专营店,1109,4GB128GB,1399.0
195,华为畅享9PLUS_6GB128GB,蓝港数码专营店,1109,6GB128GB,1699.0
196,iPhone8Plus_64GB,博粤数码,1109,64GB,2119.0
196,iPhone8Plus_128GB,博粤数码,1109,128GB,2419.0
196,iPhone8Plus_256GB,博粤数码,1109,256GB,2469.0
197,华为P30_6GB128GB,苏宁易购官方旗舰店,1101,6GB128GB,3388.0
197,华为P30_8GB128GB,苏宁易购官方旗舰店,1101,8GB128GB,3688.0
198,iPhoneXR_64GB,七分钟,1101,64GB,3380.0
198,iPhoneXR_128GB,七分钟,1101,128GB,3750.0
198,iPhoneXR_256GB,七分钟,1101,256GB,3880.0
199,纽曼V7_64MB,纯林伟业数码专营店,1096,64MB,95.0
200,iphone6S_32GB,k哥科技,1096,32GB,930.0
200,iphone6S_64GB,k哥科技,1096,64GB,1010.0
200,iphone6S_128GB,k哥科技,1096,128GB,1110.0
201,iPhoneXR_64GB,智能精品手机店,1088,64GB,3500.0
201,iPhoneXR_128GB,智能精品手机店,1088,128GB,3850.0
201,iPhoneXR_256GB,智能精品手机店,1088,256GB,3950.0
202,华为畅享9_3GB32GB,巨利泰数码专营店,1086,3GB32GB,749.0
202,华为畅享9_4GB64GB,巨利泰数码专营店,1086,4GB64GB,849.0
202,华为畅享9_4GB128GB,巨利泰数码专营店,1086,4GB128GB,999.0
203,iPhone8_64GB,东晟手机,1084,64GB,2120.0
203,iPhone8_128GB,东晟手机,1084,128GB,2520.0
203,iPhone8_256GB,东晟手机,1084,256GB,2570.0
204,一加HD1900_8GB128GB,一加创华威专卖店,1084,8GB128GB,3079.0
204,一加HD1900_8GB256GB,一加创华威专卖店,1084,8GB256GB,3279.0
205,小米9pro_128GB,叮当数码手机,1079,128GB,3738.0
206,iPhone11_128GB,中国移动官方旗舰店,1079,128GB,5888.0
206,iPhone11_64GB,中国移动官方旗舰店,1079,64GB,5358.0
206,iPhone11_256GB,中国移动官方旗舰店,1079,256GB,6728.0
207,_32GB,拓展通讯,1075,32GB,548.0
207,_64GB,拓展通讯,1075,64GB,588.0
207,_128GB,拓展通讯,1075,128GB,688.0
208,华为nova4e_4GB128GB,苏宁易购官方旗舰店,1073,4GB128GB,1149.0
209,创星（手机）Z9_64MB,慕尚年华数码专营店,1070,64MB,165.0
210,_128GB,国货平价网,1059,128GB,1298.0
211,华为nova5Pro_8GB128GB,同步飞扬数码专营店,1051,8GB128GB,2499.0
211,华为nova5Pro_8GB256GB,同步飞扬数码专营店,1051,8GB256GB,2899.0
212,荣耀9x_6GB64GB,蓝港数码专营店,1048,6GB64GB,1299.0
212,荣耀9x_6GB128GB,蓝港数码专营店,1048,6GB128GB,1799.0
212,荣耀9x_8GB128GB,蓝港数码专营店,1048,8GB128GB,1999.0
212,荣耀9x_4GB64GB,蓝港数码专营店,1048,4GB64GB,1099.0
213,长虹GA528_64MB,网能恒业数码专营店,1045,64MB,168.0
214,纽曼A8(U8)_512GB4GB,简易生活数码专营店,1044,512GB4GB,318.0
215,一加GM1910_8GB256GB,一加创华威专卖店,1037,8GB256GB,3799.0
216,荣耀8X_6GB64GB,荣耀官方旗舰店,1029,6GB64GB,1099.0
216,荣耀8X_6GB128GB,荣耀官方旗舰店,1029,6GB128GB,1549.0
217,红米K20Pro_256GB,明通数码手机,1028,256GB,2298.0
218,一加HD1900_256GB,69数码手机,1028,256GB,2749.0
219,多亲多亲手机1S+_4GB,港行先锋数码专营店,1023,4GB,399.0
220,OPPORenoAce_8GB128GB,OPPO平实专卖店,1022,8GB128GB,2999.0
220,OPPORenoAce_8GB256GB,OPPO平实专卖店,1022,8GB256GB,3199.0
220,OPPORenoAce_12GB256GB,OPPO平实专卖店,1022,12GB256GB,3999.0
221,荣耀畅玩8A_3GB32GB,苏宁易购官方旗舰店,1013,3GB32GB,599.0
222,创星（手机）X5_3GGB32GB,佳佳购数码专营店,1002,3GGB32GB,489.0
222,创星（手机）X5_2GGB16GB,佳佳购数码专营店,1002,2GGB16GB,399.0
223,vivoiQOONeo855竞速版_8GB128GB,vivo官方旗舰店,1002,8GB128GB,2598.0
223,vivoiQOONeo855竞速版_12GB128GB,vivo官方旗舰店,1002,12GB128GB,2798.0
224,关爱心G2_256MB,关爱心弗瑞尔专卖店,1001,256MB,78.0
225,飞利浦E163K_32MB,苏宁易购官方旗舰店,1000,32MB,115.0
226,小辣椒MINIM1_2GB16GB,深圳海创利华数码专营店,997,2GB16GB,389.0
226,小辣椒MINIM1_2GB32GB,深圳海创利华数码专营店,997,2GB32GB,479.0
226,小辣椒MINIM1_3GB32GB,深圳海创利华数码专营店,997,3GB32GB,549.0
226,小辣椒MINIM1_3GB64GB,深圳海创利华数码专营店,997,3GB64GB,639.0
227,小辣椒K3_256MB,纯林伟业数码专营店,992,256MB,128.0
227,小辣椒K3_8GB,纯林伟业数码专营店,992,8GB,158.0
227,小辣椒K3_16GB,纯林伟业数码专营店,992,16GB,178.0
227,小辣椒K3_32GB,纯林伟业数码专营店,992,32GB,198.0
228,iPhoneXSMax_64GB,新时尚科技,988,64GB,4480.0
228,iPhoneXSMax_256GB,新时尚科技,988,256GB,4880.0
228,iPhoneXSMax_512GB,新时尚科技,988,512GB,5900.0
229,iPhone11_64GB,绿森数码官方旗舰店,988,64GB,5499.0
229,iPhone11_128GB,绿森数码官方旗舰店,988,128GB,5999.0
230,红米K20骁龙855_256GB,深圳远望数码手机,984,256GB,5.0
231,华为nova5Pro_8GB128GB,同迅数码专营店,981,8GB128GB,2499.0
231,华为nova5Pro_8GB256GB,同迅数码专营店,981,8GB256GB,2899.0
232,硕王S3_32MB,硕王益家专卖店,976,32MB,99.0
233,OPPORenoAce_8GB128GB,苏宁易购官方旗舰店,975,8GB128GB,2999.0
233,OPPORenoAce_8GB256GB,苏宁易购官方旗舰店,975,8GB256GB,3199.0
234,朵唯P9_4GB64GB,点点云购数码专营店,972,4GB64GB,599.0
234,朵唯P9_6GB128GB,点点云购数码专营店,972,6GB128GB,739.0
235,三星GalaxyM30sSM-M3070_6GB128GB,三星官方旗舰店,969,6GB128GB,1699.0
237,荣耀9x_4GB64GB,博盛景数码专营店,964,4GB64GB,1099.0
237,荣耀9x_6GB64GB,博盛景数码专营店,964,6GB64GB,1299.0
237,荣耀9x_6GB128GB,博盛景数码专营店,964,6GB128GB,1799.0
237,荣耀9x_8GB128GB,博盛景数码专营店,964,8GB128GB,1999.0
238,荣耀20i_4GB128GB,蓝港数码专营店,957,4GB128GB,1299.0
238,荣耀20i_6GB64GB,蓝港数码专营店,957,6GB64GB,999.0
238,荣耀20i_6GB128GB,蓝港数码专营店,957,6GB128GB,1399.0
238,荣耀20i_6GB256GB,蓝港数码专营店,957,6GB256GB,1799.0
239,华为nova5Pro_8GB128GB,蓝港数码专营店,956,8GB128GB,2699.0
239,华为nova5Pro_8GB256GB,蓝港数码专营店,956,8GB256GB,3099.0
240,创星（手机）R9_256MB,阿兰贝尔数码专营店,953,256MB,228.0
240,创星（手机）R9_8GB,阿兰贝尔数码专营店,953,8GB,258.0
240,创星（手机）R9_16GB,阿兰贝尔数码专营店,953,16GB,278.0
240,创星（手机）R9_32GB,阿兰贝尔数码专营店,953,32GB,298.0
242,创星（手机）X5_3GGB32GB,蒙奇数码专营店,949,3GGB32GB,469.0
242,创星（手机）X5_2GB16GB,蒙奇数码专营店,949,2GB16GB,399.0
243,酷派1831-A0酷玩7C天猫十周年定制版_4GB64GB,浩瑜数码专营店,937,4GB64GB,489.0
243,酷派1831-A0酷玩7C天猫十周年定制版_4GB128GB,浩瑜数码专营店,937,4GB128GB,579.0
244,纽曼N99_32MB,紫悦数码专营店,935,32MB,58.0
245,华为Mate30_6GB128GB,苏宁易购官方旗舰店,934,6GB128GB,3999.0
245,华为Mate30_8GB128GB,苏宁易购官方旗舰店,934,8GB128GB,4299.0
246,创星（手机）S1C_4GB,炜广天成数码专营店,933,4GB,168.0
247,红米Note8Pro_6GB64GB,三际数码官方旗舰店,929,6GB64GB,1299.0
247,红米Note8Pro_6GB128GB,三际数码官方旗舰店,929,6GB128GB,1339.0
247,红米Note8Pro_8GB128GB,三际数码官方旗舰店,929,8GB128GB,1499.0
247,红米Note8Pro_8GB256GB,三际数码官方旗舰店,929,8GB256GB,1699.0
248,华为nova4e_4GB128GB,蓝港数码专营店,927,4GB128GB,1599.0
248,华为nova4e_6GB128GB,蓝港数码专营店,927,6GB128GB,1799.0
250,华为nova5z_64GB,同步电讯手机卖家,926,64GB,1398.0
251,iPhoneX_64GB,果粉数码3C,923,64GB,3600.0
251,iPhoneX_256GB,果粉数码3C,923,256GB,4000.0
252,红米K20Pro尊享版_12GB512GB,小米官方旗舰店,920,12GB512GB,2799.0
253,VDVD_16GB,鸿鑫数码智能,917,16GB,328.0
253,VDVD_32GB,鸿鑫数码智能,917,32GB,368.0
253,VDVD_64GB,鸿鑫数码智能,917,64GB,408.0
253,VDVD_128GB,鸿鑫数码智能,917,128GB,448.0
254,坚果Pro3_8GB128GB,坚果手机旗舰店,917,8GB128GB,2899.0
254,坚果Pro3_8GB256GB,坚果手机旗舰店,917,8GB256GB,3199.0
255,飞利浦E331K_32MB,优机汇数码专营店,916,32MB,158.0
256,OPPORenoAce_8GB128GB,OPPO欧曙专卖店,915,8GB128GB,2999.0
256,OPPORenoAce_8GB256GB,OPPO欧曙专卖店,915,8GB256GB,3199.0
256,OPPORenoAce_12GB256GB,OPPO欧曙专卖店,915,12GB256GB,3999.0
257,华为Mate20Pro_128GB,国货平价网,909,128GB,3218.0
258,_256GB,深圳远望数码手机,903,256GB,5.0
259,诺基亚新106_4MB,宸欣数码专营店,897,4MB,149.0
260,iPhone8_64GB,博粤数码,895,64GB,2119.0
260,iPhone8_128GB,博粤数码,895,128GB,2419.0
260,iPhone8_256GB,博粤数码,895,256GB,2469.0
262,荣耀10青春版_4GB64GB,久汇数码专营店,880,4GB64GB,868.0
262,荣耀10青春版_6GB64GB,久汇数码专营店,880,6GB64GB,1068.0
262,荣耀10青春版_6GB128GB,久汇数码专营店,880,6GB128GB,1269.0
263,OPPOK5_8GB128GB,能良数码官方旗舰店,865,8GB128GB,1999.0
263,OPPOK5_8GB256GB,能良数码官方旗舰店,865,8GB256GB,2699.0
264,OPPOK5_6GB128GB,三际数码官方旗舰店,859,6GB128GB,1799.0
264,OPPOK5_8GB128GB,三际数码官方旗舰店,859,8GB128GB,1999.0
264,OPPOK5_8GB256GB,三际数码官方旗舰店,859,8GB256GB,2699.0
265,iPhoneXR_64GB,十年诚信 精于服务,846,64GB,3500.0
265,iPhoneXR_128GB,十年诚信 精于服务,846,128GB,3800.0
265,iPhoneXR_256GB,十年诚信 精于服务,846,256GB,4100.0
266,三星GalaxyNote10+SM-N97605G_12GB256GB,三星官方旗舰店,844,12GB256GB,7999.0
267,iPhoneXS_64GB,年轻玩物主义,842,64GB,4450.0
267,iPhoneXS_256GB,年轻玩物主义,842,256GB,5050.0
268,红米Note8_4GB64GB,三际数码官方旗舰店,840,4GB64GB,999.0
268,红米Note8_6GB64GB,三际数码官方旗舰店,840,6GB64GB,1099.0
268,红米Note8_6GB128GB,三际数码官方旗舰店,840,6GB128GB,1299.0
269,荣耀20S_6GB128GB,广东电信亿品汇专卖店,839,6GB128GB,1499.0
269,荣耀20S_8GB128GB,广东电信亿品汇专卖店,839,8GB128GB,2199.0
270,爱宝隆_16GB,丰达电子手机店,836,16GB,814.0
270,爱宝隆_32GB,丰达电子手机店,836,32GB,906.5
270,爱宝隆_64GB,丰达电子手机店,836,64GB,999.0
270,爱宝隆_128GB,丰达电子手机店,836,128GB,1091.5
271,vivoy66_32GB,d[s207662557],828,32GB,440.0
272,华为nova5Pro_128GB,叮当数码手机,828,128GB,2138.0
272,华为nova5Pro_256GB,叮当数码手机,828,256GB,2468.0
273,荣耀V30_128GB,红日通讯认准老店,827,128GB,3099.0
274,iphone6S_32GB,壹只机,823,32GB,930.0
274,iphone6S_64GB,壹只机,823,64GB,1010.0
274,iphone6S_128GB,壹只机,823,128GB,1110.0
275,创星（手机）Z9_64MB,赫尔曼数码专营店,822,64MB,165.0
276,OPPOR11_64GB,HK良品数码,820,64GB,699.0
277,vivoZ5_6GB64GB,vivo天诚专卖店,818,6GB64GB,1398.0
277,vivoZ5_6GB128GB,vivo天诚专卖店,818,6GB128GB,1598.0
277,vivoZ5_6GB256GB,vivo天诚专卖店,818,6GB256GB,1698.0
277,vivoZ5_8GB128GB,vivo天诚专卖店,818,8GB128GB,2148.0
278,硕王R20_4GB32GB,捷路通数码专营店,818,4GB32GB,498.0
278,硕王R20_6GB64GB,捷路通数码专营店,818,6GB64GB,598.0
278,硕王R20_3GB32GB,捷路通数码专营店,818,3GB32GB,398.0
278,硕王R20_6GB128GB,捷路通数码专营店,818,6GB128GB,698.0
279,三星GalaxyS10+SM-G9750_128GB,机峰认证代购,807,128GB,3298.0
280,华为nova5Pro_128GB,同步电讯手机卖家,806,128GB,2138.0
281,魅族Note9_4GB64GB,魅族官方旗舰店,804,4GB64GB,1199.0
281,魅族Note9_6GB64GB,魅族官方旗舰店,804,6GB64GB,1299.0
282,华为nova5Pro_8GB128GB,京联通达数码旗舰店,798,8GB128GB,2499.0
282,华为nova5Pro_8GB256GB,京联通达数码旗舰店,798,8GB256GB,2899.0
283,纽曼P20_3GB32GB,佳佳购数码专营店,797,3GB32GB,899.0
283,纽曼P20_4GB64GB,佳佳购数码专营店,797,4GB64GB,999.0
284,酷比Y3_4GB64GB,koobee手机旗舰店,795,4GB64GB,478.0
284,酷比Y3_6GB64GB,koobee手机旗舰店,795,6GB64GB,538.0
284,酷比Y3_6GB128GB,koobee手机旗舰店,795,6GB128GB,638.0
285,vivoZ5_6GB128GB,三际数码官方旗舰店,794,6GB128GB,1598.0
285,vivoZ5_8GB128GB,三际数码官方旗舰店,794,8GB128GB,2098.0
286,荣耀V30_128GB,叮当数码手机,791,128GB,3078.0
287,红米K30_128GB,明通数码手机,789,128GB,1618.0
288,荣耀9XPRO_128GB,一航通讯手机体验店,789,128GB,1428.0
289,魅族16x_6GB64GB,魅族官方旗舰店,788,6GB64GB,1098.0
290,天语X27_3GB16GB,博科雅创数码专营店,776,3GB16GB,399.0
290,天语X27_3GB32GB,博科雅创数码专营店,776,3GB32GB,499.0
290,天语X27_4GB64GB,博科雅创数码专营店,776,4GB64GB,569.0
291,纽曼P20_3GB32GB,万诚春数码专营店,776,3GB32GB,899.0
291,纽曼P20_4GB64GB,万诚春数码专营店,776,4GB64GB,999.0
292,vivoiQOONeo_8GB64GB,vivo官方旗舰店,775,8GB64GB,2098.0
292,vivoiQOONeo_8GB128GB,vivo官方旗舰店,775,8GB128GB,2298.0
293,华为nova5z_64GB,白开水数码,774,64GB,1369.0
294,天语Q3_32MB,苏宁易购官方旗舰店,772,32MB,99.0
295,vivoiQOONeo855_8GB128GB,苏宁易购官方旗舰店,771,8GB128GB,2498.0
295,vivoiQOONeo855_6GB128GB,苏宁易购官方旗舰店,771,6GB128GB,2298.0
296,荣耀8X_6GB64GB,oksj数码旗舰店,769,6GB64GB,1129.0
296,荣耀8X_6GB128GB,oksj数码旗舰店,769,6GB128GB,1299.0
297,荣耀V20_128GB,红日通讯认准老店,768,128GB,1688.0
298,华为Mate30Pro5G_8GB128GB,同步飞扬数码专营店,767,8GB128GB,6399.0
298,华为Mate30Pro5G_8GB256GB,同步飞扬数码专营店,767,8GB256GB,6899.0
298,华为Mate30Pro5G_8GB512GB,同步飞扬数码专营店,767,8GB512GB,7899.0
299,小米redminote7pro_128GB,土豪金手机,764,128GB,1038.0
300,皓轩（手机）H5_64MB,皓轩赛罗敷专卖店,761,64MB,49.0
301,华为nova5Pro_8GB128GB,三际数码官方旗舰店,760,8GB128GB,2499.0
301,华为nova5Pro_8GB256GB,三际数码官方旗舰店,760,8GB256GB,2899.0
302,美图T9_4GB64GB,美图旗舰店,759,4GB64GB,1099.0
303,_64GB,爱富商城,758,64GB,3450.0
303,_128GB,爱富商城,758,128GB,3850.0
303,_256GB,爱富商城,758,256GB,4004.0
304,OPPOK5_6GB128GB,OPPO金谷专卖店,758,6GB128GB,1799.0
304,OPPOK5_8GB128GB,OPPO金谷专卖店,758,8GB128GB,1999.0
304,OPPOK5_8GB256GB,OPPO金谷专卖店,758,8GB256GB,2699.0
305,酷驰（电话和通讯）_64GB,正品行货直销,757,64GB,468.0
305,酷驰（电话和通讯）_128GB,正品行货直销,757,128GB,538.0
305,酷驰（电话和通讯）_256GB,正品行货直销,757,256GB,598.0
306,华为P30PRO_8GB128GB,同步飞扬数码专营店,755,8GB128GB,4488.0
306,华为P30PRO_8GB256GB,同步飞扬数码专营店,755,8GB256GB,4988.0
306,华为P30PRO_8GB512GB,同步飞扬数码专营店,755,8GB512GB,5788.0
307,iPhoneXR_64GB,中国深圳手机批发店,754,64GB,3489.5
307,iPhoneXR_128GB,中国深圳手机批发店,754,128GB,3838.45
307,iPhoneXR_256GB,中国深圳手机批发店,754,256GB,3938.15
308,小米9_,能良数码官方旗舰店,753,,
309,iPhoneXR_64GB,中国深圳手机批发店,754,64GB,3489.5
309,iPhoneXR_128GB,中国深圳手机批发店,754,128GB,3838.45
309,iPhoneXR_256GB,中国深圳手机批发店,754,256GB,3938.15
310,小米9_6GB128GB,能良数码官方旗舰店,753,6GB128GB,2399.0
310,小米9_8GB256GB,能良数码官方旗舰店,753,8GB256GB,2599.0
311,美图T9_4GB64GB,美图旅之丰专卖店,751,4GB64GB,999.0
311,美图T9_6GB128GB,美图旅之丰专卖店,751,6GB128GB,1299.0
312,华为Mate20Pro_6GB128GB,华为官方旗舰店,746,6GB128GB,3999.0
313,iPhoneX_64GB,时尚淘科技城,746,64GB,3400.0
313,iPhoneX_256GB,时尚淘科技城,746,256GB,3800.0
314,红米8A_3GB32GB,三际数码官方旗舰店,743,3GB32GB,699.0
314,红米8A_4GB64GB,三际数码官方旗舰店,743,4GB64GB,689.0
315,魅族X8_4GB64GB,魅族官方旗舰店,737,4GB64GB,898.0
315,魅族X8_6GB64GB,魅族官方旗舰店,737,6GB64GB,1098.0
316,OPPOK3_6GB64GB,OPPO欧曙专卖店,736,6GB64GB,1399.0
317,OPPOK5_6GB128GB,OPPO欧曙专卖店,733,6GB128GB,1799.0
317,OPPOK5_8GB128GB,OPPO欧曙专卖店,733,8GB128GB,1999.0
317,OPPOK5_8GB256GB,OPPO欧曙专卖店,733,8GB256GB,2699.0
318,誉品N2_256MB,誉品广联专卖店,730,256MB,118.0
318,誉品N2_8GB,誉品广联专卖店,730,8GB,158.0
318,誉品N2_16GB,誉品广联专卖店,730,16GB,178.0
318,誉品N2_32GB,誉品广联专卖店,730,32GB,198.0
319,荣耀Play3_4GB64GB,博海宇通数码专营店,727,4GB64GB,799.0
319,荣耀Play3_4GB128GB,博海宇通数码专营店,727,4GB128GB,1299.0
320,荣耀V30_6GB128GB,苏宁易购官方旗舰店,725,6GB128GB,3299.0
320,荣耀V30_8GB128GB,苏宁易购官方旗舰店,725,8GB128GB,3699.0
321,OPPOA11_4GB128GB,OPPO官方旗舰店,725,4GB128GB,1299.0
321,OPPOA11_6GB128GB,OPPO官方旗舰店,725,6GB128GB,1499.0
322,vivoNEX35G_8GB256GB,vivo官方旗舰店,724,8GB256GB,5698.0
323,荣耀V20_8GB256GB,广东电信亿品汇专卖店,717,8GB256GB,2599.0
324,天语T2_32MB,苏宁易购官方旗舰店,715,32MB,74.0
325,朵唯小朵S1_1GB8GB,鼎峰数码专营店,714,1GB8GB,299.0
325,朵唯小朵S1_1GB16GB,鼎峰数码专营店,714,1GB16GB,349.0
325,朵唯小朵S1_2GB16GB,鼎峰数码专营店,714,2GB16GB,399.0
326,荣耀20i_64GB,土豪金手机,714,64GB,938.0
327,iPhoneXSMax_64GB,红豆数码科技,713,64GB,3658.0
327,iPhoneXSMax_256GB,红豆数码科技,713,256GB,4058.0
328,小米CC9E_256GB,土豪金手机,712,256GB,1668.0
329,朵唯W88_256MB,纯林伟业数码专营店,709,256MB,95.0
330,荣耀20S_6GB128GB,三际数码官方旗舰店,707,6GB128GB,1499.0
330,荣耀20S_8GB128GB,三际数码官方旗舰店,707,8GB128GB,1999.0
331,华为畅享10plus_128GB,土豪金手机,701,128GB,1348.0
332,iPhone8Plus_64GB,苏宁易购官方旗舰店,701,64GB,4388.0
333,红米8A_3GB32GB,卓瓦数码专营店,698,3GB32GB,649.0
333,红米8A_4GB64GB,卓瓦数码专营店,698,4GB64GB,679.0
334,OPPOReno2Z_8GB128GB,OPPO官方旗舰店,698,8GB128GB,2299.0
335,OPPOReno_6GB128GB,OPPO熊鑫专卖店,696,6GB128GB,1999.0
336,小米CC9_8GB256GB,小米官方旗舰店,694,8GB256GB,1999.0
337,_128GB,明通数码手机,693,128GB,3078.0
338,vivoiQOOPro5G_128GB,全国正品数码通讯1号店,689,128GB,3498.0
340,小辣椒小辣椒R17_2GB16GB,纯林伟业数码专营店,678,2GB16GB,389.0
340,小辣椒小辣椒R17_2GB32GB,纯林伟业数码专营店,678,2GB32GB,479.0
340,小辣椒小辣椒R17_3GB32GB,纯林伟业数码专营店,678,3GB32GB,549.0
340,小辣椒小辣椒R17_3GB64GB,纯林伟业数码专营店,678,3GB64GB,639.0
342,华为mate30pro_128GB,名品数码诚信的店铺,676,128GB,5168.0
342,华为mate30pro_256GB,名品数码诚信的店铺,676,256GB,5368.0
343,华为2299_128MB,一零客数码批发店,672,128MB,48.0
344,华为P30_8GB64GB,同步飞扬数码专营店,672,8GB64GB,3388.0
344,华为P30_6GB128GB,同步飞扬数码专营店,672,6GB128GB,3388.0
344,华为P30_8GB128GB,同步飞扬数码专营店,672,8GB128GB,3688.0
344,华为P30_8GB256GB,同步飞扬数码专营店,672,8GB256GB,4188.0
346,华为畅享10plus_6GB128GB,久汇数码专营店,670,6GB128GB,1699.0
346,华为畅享10plus_4GB128GB,久汇数码专营店,670,4GB128GB,1399.0
346,华为畅享10plus_8GB128GB,久汇数码专营店,670,8GB128GB,1899.0
347,OPPORenoAce_8GB128GB,三际数码官方旗舰店,669,8GB128GB,2999.0
347,OPPORenoAce_8GB256GB,三际数码官方旗舰店,669,8GB256GB,3199.0
347,OPPORenoAce_12GB256GB,三际数码官方旗舰店,669,12GB256GB,3999.0
348,荣耀V20_8GB256GB,蓝港数码专营店,666,8GB256GB,2599.0
349,红米K30_64GB,69数码手机,664,64GB,1538.0
350,_64GB,深港3C数码,663,64GB,3700.0
350,_128GB,深港3C数码,663,128GB,4000.0
350,_256GB,深港3C数码,663,256GB,4100.0
351,小辣椒小辣椒P60_4GB64GB,小辣椒缔盟专卖店,661,4GB64GB,599.0
351,小辣椒小辣椒P60_6GGB64GB,小辣椒缔盟专卖店,661,6GGB64GB,699.0
351,小辣椒小辣椒P60_6GGB128GB,小辣椒缔盟专卖店,661,6GGB128GB,799.0
351,小辣椒小辣椒P60_8GB128GB,小辣椒缔盟专卖店,661,8GB128GB,999.0
352,vivoX30Pro_8GB128GB,vivo官方旗舰店,657,8GB128GB,3998.0
353,红米8A_3GB32GB,小米官方旗舰店,648,3GB32GB,699.0
353,红米8A_4GB64GB,小米官方旗舰店,648,4GB64GB,699.0
354,iPhoneXR_128GB,苏宁易购官方旗舰店,647,128GB,5299.0
355,小米CC9_256GB,叮当数码手机,642,256GB,1658.0
356,荣耀9x_64GB,红日通讯认准老店,641,64GB,1088.0
357,索爱SA-T1_64MB,百吉利数码专营店,640,64MB,89.0
358,realmeX2_6GB64GB,苏宁易购官方旗舰店,639,6GB64GB,1499.0
358,realmeX2_6GB128GB,苏宁易购官方旗舰店,639,6GB128GB,1699.0
358,realmeX2_8GB128GB,苏宁易购官方旗舰店,639,8GB128GB,1899.0
359,vivoZ5X_4GB64GB,能良数码官方旗舰店,639,4GB64GB,1298.0
359,vivoZ5X_6GB64GB,能良数码官方旗舰店,639,6GB64GB,1298.0
359,vivoZ5X_6GB128GB,能良数码官方旗舰店,639,6GB128GB,1398.0
360,飞利浦E108_32MB,飞利浦手机官方旗舰店,635,32MB,79.0
361,OPPOK3_8GB128GB,苏宁易购官方旗舰店,635,8GB128GB,1799.0
362,BIHEEI100G_无,BIHEE百合手机官方网店,634,无,159.0
363,誉品M560_32MB,誉品旗舰店,634,32MB,99.0
364,索品S2_32MB,索品数码专营店,632,32MB,59.0
365,vivoZ1i_6GB128GB,vivo官方旗舰店,631,6GB128GB,1099.0
366,OPPOReno_6GB256GB,OPPO官方旗舰店,628,6GB256GB,2499.0
366,OPPOReno_8GB256GB,OPPO官方旗舰店,628,8GB256GB,2799.0
367,HY_128MB,老人机大世界,627,128MB,198.0
369,华为畅享5S_16GB,老年人智能手机店,623,16GB,350.0
370,荣耀10青春版_4GB64GB,三际数码官方旗舰店,622,4GB64GB,868.0
370,荣耀10青春版_6GB64GB,三际数码官方旗舰店,622,6GB64GB,1069.0
370,荣耀10青春版_6GB128GB,三际数码官方旗舰店,622,6GB128GB,1299.0
372,OPPOA5_4GB64GB,佳惠兴通数码专营店,616,4GB64GB,1199.0
373,realmeX_8GB128GB,realme官方旗舰店,615,8GB128GB,1699.0
374,LGRAVER_4GB,亿添富数码广场,613,4GB,165.0
375,华为畅享9_4GB64GB,久汇数码专营店,610,4GB64GB,838.0
375,华为畅享9_4GB128GB,久汇数码专营店,610,4GB128GB,998.0
376,华为Mate305G_8GB128GB,同步飞扬数码专营店,609,8GB128GB,4999.0
376,华为Mate305G_8GB256GB,同步飞扬数码专营店,609,8GB256GB,5499.0
377,vivoy67_32GB,优选服务商家,608,32GB,408.0
378,天语Q3_32MB,天语强宇专卖店,608,32MB,109.0
379,坚果Pro3_8GB128GB,苏宁易购官方旗舰店,607,8GB128GB,2899.0
379,坚果Pro3_8GB256GB,苏宁易购官方旗舰店,607,8GB256GB,3199.0
380,荣耀20pro_8GB128GB,三际数码官方旗舰店,603,8GB128GB,2699.0
380,荣耀20pro_8GB256GB,三际数码官方旗舰店,603,8GB256GB,2999.0
381,_128GB,西湖数码,603,128GB,5808.0
381,_256GB,西湖数码,603,256GB,6288.0
381,_512GB,西湖数码,603,512GB,6938.0
382,荣耀magic2_8GB128GB,荣耀官方旗舰店,601,8GB128GB,1799.0
384,iPhone8_128GB,苏宁易购官方旗舰店,597,128GB,3999.0
385,华为畅享10plus_4GB128GB,小淘器数码专营店,595,4GB128GB,1399.0
385,华为畅享10plus_6GB128GB,小淘器数码专营店,595,6GB128GB,1699.0
385,华为畅享10plus_8GB128GB,小淘器数码专营店,595,8GB128GB,1899.0
386,美图MP1710_4GB128GB,美图旗舰店,595,4GB128GB,1399.0
387,荣耀20pro_128GB,一航通讯手机体验店,595,128GB,2228.0
388,荣耀20_8GB128GB,三际数码官方旗舰店,594,8GB128GB,2199.0
388,荣耀20_8GB256GB,三际数码官方旗舰店,594,8GB256GB,2499.0
389,vivoZ5_6GB128GB,vivo欧曙专卖店,592,6GB128GB,1598.0
389,vivoZ5_8GB128GB,vivo欧曙专卖店,592,8GB128GB,2098.0
390,华为SPN-AL00_8GB128GB,蓝港数码专营店,592,8GB128GB,2299.0
390,华为SPN-AL00_8GB256GB,蓝港数码专营店,592,8GB256GB,2599.0
390,华为SPN-AL00_6GB128GB,蓝港数码专营店,592,6GB128GB,1999.0
391,华为P30PRO_128GB,同步电讯手机卖家,589,128GB,3898.0
391,华为P30PRO_256GB,同步电讯手机卖家,589,256GB,4298.0
391,华为P30PRO_512GB,同步电讯手机卖家,589,512GB,5158.0
392,飞利浦E107_24MB,苏宁易购官方旗舰店,587,24MB,79.0
393,realmeX2Pro_8GB128GB,realme官方旗舰店,586,8GB128GB,2899.0
393,realmeX2Pro_12GB256GB,realme官方旗舰店,586,12GB256GB,3299.0
393,realmeX2Pro_8GB256GB,realme官方旗舰店,586,8GB256GB,3099.0
394,iPhone11_64GB,武汉电信旗舰,586,64GB,5299.0
394,iPhone11_128GB,武汉电信旗舰,586,128GB,5799.0
395,iphone6S_16GB,yulong科技,586,16GB,850.0
395,iphone6S_32GB,yulong科技,586,32GB,920.0
395,iphone6S_64GB,yulong科技,586,64GB,1020.0
395,iphone6S_128GB,yulong科技,586,128GB,1120.0
396,华为畅享9PLUS_6GB128GB,中国移动官方旗舰店,585,6GB128GB,1328.0
397,荣耀9x_4GB64GB,oksj数码旗舰店,579,4GB64GB,1099.0
397,荣耀9x_6GB64GB,oksj数码旗舰店,579,6GB64GB,1299.0
397,荣耀9x_6GB128GB,oksj数码旗舰店,579,6GB128GB,1799.0
397,荣耀9x_8GB128GB,oksj数码旗舰店,579,8GB128GB,1999.0
398,HY_64MB,易购手机大卖场,579,64MB,168.0
399,iPhone11_128GB,领域数码通讯,575,128GB,5750.0
399,iPhone11_256GB,领域数码通讯,575,256GB,6580.0
400,华为mate30pro_128GB,西湖数码,574,128GB,5308.0
400,华为mate30pro_256GB,西湖数码,574,256GB,5478.0
401,纽曼L520_32MB,宸欣数码专营店,572,32MB,148.0
402,华为nova4e_6GB128GB,中国移动官方旗舰店,571,6GB128GB,1218.0
403,朵唯V33_3GB32GB,朵唯官方旗舰店,570,3GB32GB,399.0
404,vivoy67_32GB,兄弟联盟 手机 五金,570,32GB,458.0
405,iPhoneSE_16GB,亿佳V数码,569,16GB,850.0
405,iPhoneSE_32GB,亿佳V数码,569,32GB,960.0
405,iPhoneSE_64GB,亿佳V数码,569,64GB,1020.0
405,iPhoneSE_128GB,亿佳V数码,569,128GB,1120.0
406,vivoS1pro_8GB128GB,vivo官方旗舰店,569,8GB128GB,1998.0
406,vivoS1pro_6GB256GB,vivo官方旗舰店,569,6GB256GB,2298.0
406,vivoS1pro_6GB128GB,vivo官方旗舰店,569,6GB128GB,1698.0
407,iPhone8Plus_64GB,蓝希苹果数码体验店,563,64GB,2700.0
407,iPhone8Plus_256GB,蓝希苹果数码体验店,563,256GB,3200.0
408,iPhone8_64GB,苏宁易购官方旗舰店,562,64GB,3499.0
408,iPhone8_128GB,苏宁易购官方旗舰店,562,128GB,3999.0
409,小米redminote7pro_128GB,深圳远望数码手机,562,128GB,5.0
410,华为HuaweiMate30Pro5G_128GB,红日通讯认准老店,561,128GB,4598.0
410,华为HuaweiMate30Pro5G_256GB,红日通讯认准老店,561,256GB,5008.0
411,小米CC9PRO_6GB128GB,苏宁易购官方旗舰店,561,6GB128GB,2799.0
411,小米CC9PRO_8GB128GB,苏宁易购官方旗舰店,561,8GB128GB,2999.0
413,iphone6S_16GB,悠悠数码,558,16GB,880.0
413,iphone6S_32GB,悠悠数码,558,32GB,950.0
413,iphone6S_64GB,悠悠数码,558,64GB,990.0
413,iphone6S_128GB,悠悠数码,558,128GB,1090.0
415,三星GalaxyS8+_64GB,新泰时尚,557,64GB,1730.0
415,三星GalaxyS8+_128GB,新泰时尚,557,128GB,2000.0
416,小米redminote7pro_6GB128GB,三际数码官方旗舰店,555,6GB128GB,1099.0
417,朵唯X11Pro_6GB128GB,朵唯官方旗舰店,553,6GB128GB,699.0
418,华为SPN-AL00_6GB128GB,京合旗舰店,552,6GB128GB,1799.0
418,华为SPN-AL00_8GB128GB,京合旗舰店,552,8GB128GB,2099.0
418,华为SPN-AL00_8GB256GB,京合旗舰店,552,8GB256GB,2399.0
419,vivoZ5X_6GB128GB,vivo官方旗舰店,550,6GB128GB,1398.0
419,vivoZ5X_6GB64GB,vivo官方旗舰店,550,6GB64GB,1298.0
420,诺基亚600_128MB,鹏展科技通讯,549,128MB,48.0
421,荣耀Play3_4GB64GB,广东电信亿品汇专卖店,538,4GB64GB,799.0
421,荣耀Play3_6GB64GB,广东电信亿品汇专卖店,538,6GB64GB,1199.0
421,荣耀Play3_4GB128GB,广东电信亿品汇专卖店,538,4GB128GB,1299.0
422,诺基亚600_32MB,一零客数码批发店,537,32MB,50.0
423,_64GB,焱论,534,64GB,2050.0
423,_256GB,焱论,534,256GB,2300.0
424,华为nova5_8GB128GB,华为官方旗舰店,531,8GB128GB,2599.0
425,红米7A_2GB32GB,小米官方旗舰店,530,2GB32GB,539.0
425,红米7A_3GB32GB,小米官方旗舰店,530,3GB32GB,549.0
426,红米K20Pro_8GB256GB,三际数码官方旗舰店,524,8GB256GB,2499.0
427,HY_128MB,诺基亚の正品,524,128MB,118.0
428,华为麦芒8_6GB128GB,华为官方旗舰店,523,6GB128GB,1599.0
429,硕王硕王SAILFR20_【经济版】3G运行GB32G内存,硕王鑫基汇专卖店,520,【经济版】3G运行GB32G内存,398.0
429,硕王硕王SAILFR20_【普通版】4G运行GB32G内存,硕王鑫基汇专卖店,520,【普通版】4G运行GB32G内存,498.0
429,硕王硕王SAILFR20_【高配版】6G运行GB64G内存,硕王鑫基汇专卖店,520,【高配版】6G运行GB64G内存,598.0
429,硕王硕王SAILFR20_【顶配版】6G运行GB128G内存,硕王鑫基汇专卖店,520,【顶配版】6G运行GB128G内存,698.0
430,vivoX27_8GB128GB,首佳誉数码专营店,520,8GB128GB,2498.0
431,OPPOA5_3GB64GB,OPPO官方旗舰店,520,3GB64GB,899.0
432,VIVL（手机）v17_128GB,正品手机4G工厂店,520,128GB,258.0
433,华为nova5Pro_8GB128GB,能良数码官方旗舰店,518,8GB128GB,2499.0
433,华为nova5Pro_8GB256GB,能良数码官方旗舰店,518,8GB256GB,2899.0
434,华为Mate30Pro5G_8GB128GB,三际数码官方旗舰店,518,8GB128GB,6399.0
434,华为Mate30Pro5G_8GB256GB,三际数码官方旗舰店,518,8GB256GB,6899.0
434,华为Mate30Pro5G_8GB512GB,三际数码官方旗舰店,518,8GB512GB,7899.0
435,HY_32MB,彩虹商贸数码,518,32MB,208.0
436,红米8_32GB,土豪金手机,517,32GB,673.0
437,华为P30PRO_8GB128GB,京合旗舰店,517,8GB128GB,4488.0
437,华为P30PRO_8GB256GB,京合旗舰店,517,8GB256GB,4988.0
437,华为P30PRO_8GB512GB,京合旗舰店,517,8GB512GB,5788.0
438,vivoiQOOPro5G_8GB128GB,苏宁易购官方旗舰店,517,8GB128GB,3198.0
438,vivoiQOOPro5G_12GB128GB,苏宁易购官方旗舰店,517,12GB128GB,3498.0
439,荣耀9x_64GB,金誉数码手机,515,64GB,1068.0
440,华为畅享9PLUS_4GB128GB,华为官方旗舰店,513,4GB128GB,1449.0
440,华为畅享9PLUS_6GB128GB,华为官方旗舰店,513,6GB128GB,1749.0
442,魅族魅蓝note6_16GB,魅族魅蓝机,505,16GB,213.0
443,荣耀20pro_8GB128GB,能良数码官方旗舰店,505,8GB128GB,2699.0
443,荣耀20pro_8GB256GB,能良数码官方旗舰店,505,8GB256GB,2999.0
444,华为畅享10plus_6GB128GB,苏宁易购官方旗舰店,504,6GB128GB,1699.0
444,华为畅享10plus_8GB128GB,苏宁易购官方旗舰店,504,8GB128GB,1899.0
445,红米K30_6GB128GB,三际数码官方旗舰店,503,6GB128GB,1699.0
445,红米K30_8GB128GB,三际数码官方旗舰店,503,8GB128GB,1899.0
445,红米K30_8GB256GB,三际数码官方旗舰店,503,8GB256GB,2199.0
445,红米K30_6GB64GB,三际数码官方旗舰店,503,6GB64GB,1599.0
446,vivoZ5_6GB128GB,能良数码官方旗舰店,502,6GB128GB,1598.0
446,vivoZ5_8GB128GB,能良数码官方旗舰店,502,8GB128GB,2098.0
448,OPPOK5_6GB128GB,OPPO聚洪欧珀专卖店,500,6GB128GB,1799.0
448,OPPOK5_8GB128GB,OPPO聚洪欧珀专卖店,500,8GB128GB,1999.0
448,OPPOK5_8GB256GB,OPPO聚洪欧珀专卖店,500,8GB256GB,2599.0
449,LGRAVER_64MB,振华正品手机,500,64MB,89.0
450,华为Mate20Pro_128GB,鲁信数码手机店,497,128GB,3339.0
451,红米8A_4GB64GB,中国移动官方旗舰店,495,4GB64GB,739.0
451,红米8A_3GB32GB,中国移动官方旗舰店,495,3GB32GB,689.0
452,iPhone11Pro_64GB,光头手机,495,64GB,7458.0
452,iPhone11Pro_256GB,光头手机,495,256GB,8508.0
452,iPhone11Pro_512GB,光头手机,495,512GB,9988.0
453,小米CC9E_4GB128GB,小米官方旗舰店,494,4GB128GB,1099.0
453,小米CC9E_6GB128GB,小米官方旗舰店,494,6GB128GB,1299.0
454,小米黑鲨游戏手机2Pro_128GB,红日通讯认准老店,493,128GB,1118.0
455,华为Mate30Pro5G_8GB128GB,乐哇数码专营店,492,8GB128GB,6399.0
455,华为Mate30Pro5G_8GB256GB,乐哇数码专营店,492,8GB256GB,6899.0
455,华为Mate30Pro5G_8GB512GB,乐哇数码专营店,492,8GB512GB,7899.0
456,华为nova5Pro_128GB,金誉数码手机,490,128GB,2107.99
456,华为nova5Pro_256GB,金誉数码手机,490,256GB,2438.0
457,红米7_16GB,土豪金手机,488,16GB,748.0
458,vivoiQOOPro5G_8GB128GB,vivo欧曙专卖店,486,8GB128GB,3498.0
458,vivoiQOOPro5G_8GB256GB,vivo欧曙专卖店,486,8GB256GB,3998.0
458,vivoiQOOPro5G_12GB128GB,vivo欧曙专卖店,486,12GB128GB,3798.0
459,_64GB,派派数码通讯,485,64GB,3178.0
459,_128GB,派派数码通讯,485,128GB,3568.0
460,小米9_8GB128GB,三际数码官方旗舰店,484,8GB128GB,2479.0
460,小米9_8GB256GB,三际数码官方旗舰店,484,8GB256GB,2549.0
461,荣耀9x_64GB,诚亨通讯智能手机专家,481,64GB,1049.0
462,华为nova4e_4GB128GB,博海宇通数码专营店,480,4GB128GB,1199.0
462,华为nova4e_6GB128GB,博海宇通数码专营店,480,6GB128GB,1199.0
463,荣耀20青春版_6GB64GB,广东电信亿品汇专卖店,479,6GB64GB,1399.0
463,荣耀20青春版_6GB128GB,广东电信亿品汇专卖店,479,6GB128GB,1699.0
463,荣耀20青春版_8GB128GB,广东电信亿品汇专卖店,479,8GB128GB,1899.0
463,荣耀20青春版_4GB64GB,广东电信亿品汇专卖店,479,4GB64GB,1099.0
464,小米9_6GB128GB,魅立数码专营店,479,6GB128GB,2299.0
464,小米9_8GB128GB,魅立数码专营店,479,8GB128GB,2479.0
464,小米9_8GB256GB,魅立数码专营店,479,8GB256GB,2499.0
465,_32GB,一米阳光通讯城,477,32GB,448.0
466,iPhone11_64GB,轻松换数码旗舰店,477,64GB,5258.0
466,iPhone11_128GB,轻松换数码旗舰店,477,128GB,5788.0
466,iPhone11_256GB,轻松换数码旗舰店,477,256GB,6688.0
467,荣耀20青春版_4GB64GB,三际数码官方旗舰店,476,4GB64GB,1099.0
467,荣耀20青春版_6GB64GB,三际数码官方旗舰店,476,6GB64GB,1399.0
467,荣耀20青春版_6GB128GB,三际数码官方旗舰店,476,6GB128GB,1699.0
467,荣耀20青春版_8GB128GB,三际数码官方旗舰店,476,8GB128GB,1899.0
468,荣耀20青春版_4GB64GB,荣耀官方旗舰店,475,4GB64GB,1099.0
468,荣耀20青春版_6GB64GB,荣耀官方旗舰店,475,6GB64GB,1399.0
468,荣耀20青春版_6GB128GB,荣耀官方旗舰店,475,6GB128GB,1699.0
468,荣耀20青春版_8GB128GB,荣耀官方旗舰店,475,8GB128GB,1899.0
469,荣耀Play3_4GB64GB,苏宁易购官方旗舰店,472,4GB64GB,899.0
469,荣耀Play3_6GB64GB,苏宁易购官方旗舰店,472,6GB64GB,1299.0
470,小米CC9E_64GB,金誉数码手机,472,64GB,1298.0
471,魅族魅蓝Note5全网通_16GB,机遇通讯8,472,16GB,325.0
471,魅族魅蓝Note5全网通_32GB,机遇通讯8,472,32GB,355.0
471,魅族魅蓝Note5全网通_64GB,机遇通讯8,472,64GB,518.0
472,红米Note8_4GB64GB,能良数码官方旗舰店,472,4GB64GB,999.0
472,红米Note8_6GB64GB,能良数码官方旗舰店,472,6GB64GB,1099.0
472,红米Note8_6GB128GB,能良数码官方旗舰店,472,6GB128GB,1269.0
473,诺基亚新105_4MB,天讯蓝图数码专营店,470,4MB,139.0
474,iPhone11_64GB,中国移动手机官方旗舰店,470,64GB,5249.0
474,iPhone11_128GB,中国移动手机官方旗舰店,470,128GB,5839.0
475,荣耀20pro_8GB128GB,苏宁易购官方旗舰店,469,8GB128GB,2699.0
476,_128GB,土豪金手机,469,128GB,2308.0
477,华为Mate30Pro5G_8GB128GB,华为莫问专卖店,467,8GB128GB,6399.0
477,华为Mate30Pro5G_8GB256GB,华为莫问专卖店,467,8GB256GB,6899.0
477,华为Mate30Pro5G_8GB512GB,华为莫问专卖店,467,8GB512GB,7899.0
478,魅族魅蓝note3_16GB,魅族魅蓝直销店,466,16GB,195.0
479,荣耀9x_6GB64GB,能良数码官方旗舰店,465,6GB64GB,1399.0
479,荣耀9x_6GB128GB,能良数码官方旗舰店,465,6GB128GB,1799.0
480,iPhone8_64GB,格拉科技,465,64GB,2150.0
480,iPhone8_256GB,格拉科技,465,256GB,2450.0
481,三星GalaxyS9+_64GB,机峰认证代购,463,64GB,2438.0
481,三星GalaxyS9+_128GB,机峰认证代购,463,128GB,2608.0
481,三星GalaxyS9+_256GB,机峰认证代购,463,256GB,2918.0
482,荣耀8X_4GB64GB,三际数码官方旗舰店,463,4GB64GB,879.0
482,荣耀8X_6GB64GB,三际数码官方旗舰店,463,6GB64GB,1099.0
482,荣耀8X_6GB128GB,三际数码官方旗舰店,463,6GB128GB,1299.0
483,iPhone11_64GB,简益通讯,462,64GB,5159.0
483,iPhone11_128GB,简益通讯,462,128GB,5629.0
483,iPhone11_256GB,简益通讯,462,256GB,6459.0
484,OPPOK5_8GB128GB,首佳誉数码专营店,460,8GB128GB,1999.0
484,OPPOK5_6GB128GB,首佳誉数码专营店,460,6GB128GB,1799.0
484,OPPOK5_8GB256GB,首佳誉数码专营店,460,8GB256GB,2699.0
485,荣耀9x_4GB64GB,能良数码官方旗舰店,471,4GB64GB,1099.0
485,荣耀9x_6GB128GB,能良数码官方旗舰店,471,6GB128GB,1799.0
486,三星GalaxyS9+_64GB,机峰认证代购,470,64GB,2438.0
486,三星GalaxyS9+_128GB,机峰认证代购,470,128GB,2608.0
486,三星GalaxyS9+_256GB,机峰认证代购,470,256GB,2918.0
487,华为畅享10plus_4GB128GB,和来达数码专营店,470,4GB128GB,1399.0
487,华为畅享10plus_6GB128GB,和来达数码专营店,470,6GB128GB,1699.0
487,华为畅享10plus_8GB128GB,和来达数码专营店,470,8GB128GB,1899.0
488,小米8_64GB,品尚通讯,470,64GB,1538.0
488,小米8_128GB,品尚通讯,470,128GB,1638.0
488,小米8_256GB,品尚通讯,470,256GB,1878.0
489,天语X71_32MB,苏宁易购官方旗舰店,470,32MB,78.0
490,魅族魅蓝note3_16GB,魅族魅蓝直销店,469,16GB,195.0
491,华为Mate30Pro5G_8GB128GB,华为莫问专卖店,468,8GB128GB,6399.0
491,华为Mate30Pro5G_8GB256GB,华为莫问专卖店,468,8GB256GB,6899.0
491,华为Mate30Pro5G_8GB512GB,华为莫问专卖店,468,8GB512GB,7899.0
492,荣耀play3_64GB,土豪金手机,467,64GB,773.0
493,iPhone11ProMax_64GB,东洋倒爷 舶来品物贩专门店,466,64GB,5300.0
493,iPhone11ProMax_256GB,东洋倒爷 舶来品物贩专门店,466,256GB,6350.0
493,iPhone11ProMax_512GB,东洋倒爷 舶来品物贩专门店,466,512GB,6650.0
494,iPhone11_64GB,中国移动手机官方旗舰店,466,64GB,5249.0
494,iPhone11_128GB,中国移动手机官方旗舰店,466,128GB,5839.0
495,荣耀20pro_8GB128GB,苏宁易购官方旗舰店,465,8GB128GB,2699.0
496,iPhone8Plus_64GB,新园通讯数码,464,64GB,1948.0
496,iPhone8Plus_256GB,新园通讯数码,464,256GB,2438.0
498,荣耀20_128GB,一航通讯手机体验店,464,128GB,1993.0
499,iPhone8_64GB,顺辰数码,463,64GB,2150.0
499,iPhone8_128GB,顺辰数码,463,128GB,2400.0
499,iPhone8_256GB,顺辰数码,463,256GB,2450.0
500,纽曼P308_3GB32GB,锦万数码专营,463,3GB32GB,398.0
500,纽曼P308_4GB32GB,锦万数码专营,463,4GB32GB,498.0
500,纽曼P308_6GB64GB,锦万数码专营,463,6GB64GB,598.0
500,纽曼P308_6GB128GB,锦万数码专营,463,6GB128GB,698.0
501,OPPOA5_4GB64GB,能良数码官方旗舰店,463,4GB64GB,1199.0
502,_256MB,美淘电子商城,462,256MB,98.0
503,OPPOK5_8GB128GB,OPPO酷炫专卖店,462,8GB128GB,1999.0
503,OPPOK5_6GB128GB,OPPO酷炫专卖店,462,6GB128GB,1799.0
504,iPhone11_64GB,简益通讯,462,64GB,5899.0
504,iPhone11_128GB,简益通讯,462,128GB,6399.0
504,iPhone11_256GB,简益通讯,462,256GB,7199.0
505,vivoZ5X_4GB64GB,能良数码官方旗舰店,460,4GB64GB,1298.0
505,vivoZ5X_6GB64GB,能良数码官方旗舰店,460,6GB64GB,1298.0
505,vivoZ5X_6GB128GB,能良数码官方旗舰店,460,6GB128GB,1398.0
505,vivoZ5X_8GB128GB,能良数码官方旗舰店,460,8GB128GB,1698.0
506,Appleiphone11pro_64GB,洋桃旗舰店,459,64GB,9999.0
507,一加_128GB,红日通讯认准老店,458,128GB,2949.0
508,守护宝F6S_3GB32GB,守护宝大秦先锋专卖店,457,3GB32GB,398.0
508,守护宝F6S_4GB32GB,守护宝大秦先锋专卖店,457,4GB32GB,468.0
509,诺基亚600_128MB,翔飞数码通讯,457,128MB,48.0
510,华为Mate305G_8GB128GB,三际数码官方旗舰店,454,8GB128GB,4999.0
510,华为Mate305G_8GB256GB,三际数码官方旗舰店,454,8GB256GB,5499.0
512,红米8_32GB,叮当数码手机,452,32GB,673.0
513,守护宝ZTEtechL660_32MB,苏宁易购官方旗舰店,452,32MB,179.0
515,飞利浦E212A_32MB,苏宁易购官方旗舰店,450,32MB,299.0
516,华为Mate30Pro5G_8GB256GB,蓝港数码专营店,450,8GB256GB,6899.0
516,华为Mate30Pro5G_8GB512GB,蓝港数码专营店,450,8GB512GB,7899.0
516,华为Mate30Pro5G_8GB128GB,蓝港数码专营店,450,8GB128GB,6399.0
518,_64GB,皇庭通讯自营店,448,64GB,3680.0
518,_256GB,皇庭通讯自营店,448,256GB,4180.0
519,荣耀20i_6GB64GB,荣耀官方旗舰店,446,6GB64GB,1199.0
519,荣耀20i_4GB128GB,荣耀官方旗舰店,446,4GB128GB,1399.0
519,荣耀20i_6GB256GB,荣耀官方旗舰店,446,6GB256GB,1899.0
520,诺基亚600_128MB,诺基亚の正品,445,128MB,118.0
521,realmeX2_6GB64GB,问鼎数码专营店,444,6GB64GB,1499.0
521,realmeX2_8GB128GB,问鼎数码专营店,444,8GB128GB,1699.0
521,realmeX2_6GB128GB,问鼎数码专营店,444,6GB128GB,1599.0
522,荣耀20青春版_4GB64GB,苏宁易购官方旗舰店,442,4GB64GB,1099.0
522,荣耀20青春版_6GB64GB,苏宁易购官方旗舰店,442,6GB64GB,1399.0
523,小米黑鲨游戏手机2Pro_128GB,白开水数码,442,128GB,2149.0
524,OPPOA11_4GB128GB,智宏新创数码专营店,441,4GB128GB,1299.0
524,OPPOA11_6GB256GB,智宏新创数码专营店,441,6GB256GB,1599.01
524,OPPOA11_6GB128GB,智宏新创数码专营店,441,6GB128GB,1499.01
525,朵唯小朵S1_1GB8GB,阿兰贝尔数码专营店,441,1GB8GB,299.0
525,朵唯小朵S1_1GB16GB,阿兰贝尔数码专营店,441,1GB16GB,349.0
525,朵唯小朵S1_2GB16G,阿兰贝尔数码专营店,441,2GB16G,399.0
526,小米9pro_8GB128GB,广东电信亿品汇专卖店,441,8GB128GB,3598.0
526,小米9pro_8GB256GB,广东电信亿品汇专卖店,441,8GB256GB,3599.0
526,小米9pro_12GB256GB,广东电信亿品汇专卖店,441,12GB256GB,4199.0
526,小米9pro_12GB512GB,广东电信亿品汇专卖店,441,12GB512GB,4399.0
527,飞利浦PhilipsE258C_64MB,天中和数码专营店,440,64MB,159.0
528,华为SPN-AL00_8GB128GB,苏宁易购官方旗舰店,440,8GB128GB,2099.0
528,华为SPN-AL00_8GB256GB,苏宁易购官方旗舰店,440,8GB256GB,2399.0
529,OPPORenoAce_8GB128GB,OPPO熊鑫专卖店,439,8GB128GB,2999.0
529,OPPORenoAce_8GB256GB,OPPO熊鑫专卖店,439,8GB256GB,3199.0
529,OPPORenoAce_12GB256GB,OPPO熊鑫专卖店,439,12GB256GB,3999.0
530,中兴K2_32MB,苏宁易购官方旗舰店,438,32MB,178.0
531,iPhone8Plus_64GB,东东妈数码服务站,436,64GB,2550.0
531,iPhone8Plus_256GB,东东妈数码服务站,436,256GB,2950.0
532,红米K30_6GB128GB,能良数码官方旗舰店,435,6GB128GB,1699.0
532,红米K30_8GB128GB,能良数码官方旗舰店,435,8GB128GB,1899.0
532,红米K30_8GB256GB,能良数码官方旗舰店,435,8GB256GB,2199.0
532,红米K30_6GB64GB,能良数码官方旗舰店,435,6GB64GB,1599.0
533,诺基亚81104G_512GB4GB,京联通达数码旗舰店,435,512GB4GB,359.0
534,小辣椒红辣椒9E_4GB32GB,中电盈讯数码专营店,434,4GB32GB,489.0
534,小辣椒红辣椒9E_4GB64GB,中电盈讯数码专营店,434,4GB64GB,599.0
534,小辣椒红辣椒9E_6GB64GB,中电盈讯数码专营店,434,6GB64GB,699.0
534,小辣椒红辣椒9E_6GB128GB,中电盈讯数码专营店,434,6GB128GB,769.0
535,iPhone8Plus_64GB,苏宁易购官方旗舰店,434,64GB,4449.0
536,红米K30_6GB64GB,广东电信亿品汇专卖店,433,6GB64GB,1599.0
536,红米K30_6GB128GB,广东电信亿品汇专卖店,433,6GB128GB,1699.0
536,红米K30_8GB128GB,广东电信亿品汇专卖店,433,8GB128GB,1899.0
536,红米K30_8GB256GB,广东电信亿品汇专卖店,433,8GB256GB,2199.0
537,小米Max3_4GB64GB,三际数码官方旗舰店,430,4GB64GB,999.0
537,小米Max3_6GB128GB,三际数码官方旗舰店,430,6GB128GB,1299.0
538,OPPORenoAce_8GB128GB,能良数码官方旗舰店,429,8GB128GB,2999.0
538,OPPORenoAce_8GB256GB,能良数码官方旗舰店,429,8GB256GB,3199.0
538,OPPORenoAce_12GB256GB,能良数码官方旗舰店,429,12GB256GB,3899.0
540,荣耀9XPRO_8GB256GB,三际数码官方旗舰店,428,8GB256GB,2199.0
541,VIVL（手机）v17_128GB,2019正品手机旗见店,427,128GB,428.0
542,iPhone11_64GB,卓瓦数码专营店,426,64GB,5268.0
542,iPhone11_128GB,卓瓦数码专营店,426,128GB,5788.0
542,iPhone11_256GB,卓瓦数码专营店,426,256GB,6688.0
543,OPPOK5_6GB128GB,OPPO熊鑫专卖店,425,6GB128GB,1799.0
543,OPPOK5_8GB128GB,OPPO熊鑫专卖店,425,8GB128GB,1999.0
543,OPPOK5_8GB256GB,OPPO熊鑫专卖店,425,8GB256GB,2699.0
544,飞利浦E107_24MB,伟业恒通数码专营店,424,24MB,123.0
545,iPhoneXSMax_64GB,小家户数码商城,424,64GB,4300.0
545,iPhoneXSMax_256GB,小家户数码商城,424,256GB,4800.0
545,iPhoneXSMax_512GB,小家户数码商城,424,512GB,5200.0
546,红米Note8Pro_6GB64GB,中国移动官方旗舰店,423,6GB64GB,1229.0
546,红米Note8Pro_6GB128GB,中国移动官方旗舰店,423,6GB128GB,1379.0
546,红米Note8Pro_8GB128GB,中国移动官方旗舰店,423,8GB128GB,1529.0
546,红米Note8Pro_8GB256GB,中国移动官方旗舰店,423,8GB256GB,1749.0
547,_256GB,69数码手机,423,256GB,2749.0
548,iPhone8_64GB,格拉科技,423,64GB,2150.0
548,iPhone8_256GB,格拉科技,423,256GB,2450.0
549,纽曼L66_无,纽曼手机旗舰店,423,无,59.0
550,红米8_3GB32GB,三际数码官方旗舰店,423,3GB32GB,679.0
550,红米8_4GB64GB,三际数码官方旗舰店,423,4GB64GB,749.0
552,荣耀Play3_4GB64GB,三际数码官方旗舰店,421,4GB64GB,799.0
552,荣耀Play3_6GB64GB,三际数码官方旗舰店,421,6GB64GB,1099.0
552,荣耀Play3_4GB128GB,三际数码官方旗舰店,421,4GB128GB,1299.0
553,荣耀8X_6GB128GB,和来达数码专营店,419,6GB128GB,1449.0
554,vivoX9_64GB,抖音数码,419,64GB,678.0
555,飞利浦E186A_32MB,苏宁易购官方旗舰店,419,32MB,139.0
557,魅族16th_6GB128GB,魅族官方旗舰店,416,6GB128GB,1998.0
557,魅族16th_6GB64GB,魅族官方旗舰店,416,6GB64GB,1898.0
558,纽曼Q99+_32MB,好易用数码专营店,414,32MB,98.0
559,努比亚Z20_6GB128GB,努比亚官方旗舰店,413,6GB128GB,2799.0
559,努比亚Z20_8GB128GB,努比亚官方旗舰店,413,8GB128GB,2999.0
559,努比亚Z20_8GB512GB,努比亚官方旗舰店,413,8GB512GB,3499.0
561,小米9_256GB,叮当数码手机,412,256GB,2478.0
562,vivoZ5X_6GB64GB,vivo曼尼金专卖店,412,6GB64GB,1298.0
562,vivoZ5X_6GB128GB,vivo曼尼金专卖店,412,6GB128GB,1398.0
564,YuCup_64MB,手机批发总部店,410,64MB,88.0
565,华为畅享5S_16GB,庆通数码,409,16GB,320.0
567,小辣椒小辣椒P60_4GB64GB,中电盈讯数码专营店,408,4GB64GB,599.0
567,小辣椒小辣椒P60_6GB64GB,中电盈讯数码专营店,408,6GB64GB,699.0
567,小辣椒小辣椒P60_6GB128GB,中电盈讯数码专营店,408,6GB128GB,799.0
567,小辣椒小辣椒P60_8GB128GB,中电盈讯数码专营店,408,8GB128GB,999.0
568,荣耀20_8GB128GB,广东电信亿品汇专卖店,407,8GB128GB,2199.0
568,荣耀20_8GB256GB,广东电信亿品汇专卖店,407,8GB256GB,2499.0
570,创星（手机）ATMAN-S9_256MB,优机汇数码专营店,405,256MB,88.0
571,摩托罗拉测试_64MB,老村长商场,403,64MB,120.0
572,华为畅享8e_2GB32GB（8e青春版）,启能数码专营店,401,2GB32GB（8e青春版）,469.0
572,华为畅享8e_3GB32G（畅享8e）,启能数码专营店,401,3GB32G（畅享8e）,699.0
572,华为畅享8e_2GB16G（荣耀畅玩7）,启能数码专营店,401,2GB16G（荣耀畅玩7）,439.0
574,iphone6S_16GB,小梦想数码,400,16GB,860.0
574,iphone6S_32GB,小梦想数码,400,32GB,950.0
574,iphone6S_64GB,小梦想数码,400,64GB,1010.0
574,iphone6S_128GB,小梦想数码,400,128GB,1110.0
575,荣耀9x_4GB64GB,卓瓦数码专营店,399,4GB64GB,1099.0
575,荣耀9x_6GB64GB,卓瓦数码专营店,399,6GB64GB,1299.0
575,荣耀9x_6GB128GB,卓瓦数码专营店,399,6GB128GB,1799.0
575,荣耀9x_8GB128GB,卓瓦数码专营店,399,8GB128GB,1999.0
576,美图T9_4GB64GB,美图万能小主专卖店,398,4GB64GB,999.0
576,美图T9_6GB128GB,美图万能小主专卖店,398,6GB128GB,1299.0
577,vivoy67_32GB,品骏数码商城,398,32GB,375.0
578,红米K30_128GB,土豪金手机,397,128GB,1754.0
578,红米K30_256GB,土豪金手机,397,256GB,1894.0
579,iPhone8_64GB,正品 全新 苹果,397,64GB,2450.0
579,iPhone8_256GB,正品 全新 苹果,397,256GB,2850.0
580,华为nova5z_64GB,深圳远望数码手机,397,64GB,5.0
582,魅族16Xs_6GB64GB,魅族官方旗舰店,395,6GB64GB,1499.0
582,魅族16Xs_6GB128GB,魅族官方旗舰店,395,6GB128GB,1699.0
583,vivoX27_8GB128GB,vivo航鹰专卖店,395,8GB128GB,2498.0
584,iPhoneXSMax_64GB,给力通讯数码城,393,64GB,3680.0
584,iPhoneXSMax_256GB,给力通讯数码城,393,256GB,4180.0
585,ivvi_32GB,风口数码,393,32GB,548.0
585,ivvi_64GB,风口数码,393,64GB,588.0
585,ivvi_128GB,风口数码,393,128GB,688.0
586,华为2299_16MB,宏达数码科技,393,16MB,55.0
587,荣耀magic2_8GB128GB,蓝港数码专营店,393,8GB128GB,1869.0
587,荣耀magic2_6GB128GB,蓝港数码专营店,393,6GB128GB,1689.0
588,_128GB,叮当数码手机,393,128GB,3239.0
589,iPhoneXSMax_64GB,启泰数码,391,64GB,3666.8
589,iPhoneXSMax_256GB,启泰数码,391,256GB,3983.24
589,iPhoneXSMax_512GB,启泰数码,391,512GB,4309.57
590,iPhone11ProMax_64GB,绿森数码官方旗舰店,390,64GB,9599.0
590,iPhone11ProMax_256GB,绿森数码官方旗舰店,390,256GB,10899.0
591,vivoiQOONeo855_6GB128GB,vivo欧曙专卖店,390,6GB128GB,2298.0
591,vivoiQOONeo855_8GB128GB,vivo欧曙专卖店,390,8GB128GB,2498.0
591,vivoiQOONeo855_8GB256GB,vivo欧曙专卖店,390,8GB256GB,2698.0
591,vivoiQOONeo855_6GB64GB,vivo欧曙专卖店,390,6GB64GB,1998.0
593,iPhoneX_64GB,大导数码,390,64GB,3600.0
593,iPhoneX_256GB,大导数码,390,256GB,4000.0
594,魅族16thPlus_6GB128GB,魅族官方旗舰店,389,6GB128GB,2098.0
594,魅族16thPlus_8GB256GB,魅族官方旗舰店,389,8GB256GB,2298.0
595,诺基亚600_128MB,大时代女人街,389,128MB,64.9
596,红米Note8Pro_6GB64GB,广东电信亿品汇专卖店,389,6GB64GB,1249.0
596,红米Note8Pro_6GB128GB,广东电信亿品汇专卖店,389,6GB128GB,1299.0
596,红米Note8Pro_8GB128GB,广东电信亿品汇专卖店,389,8GB128GB,1449.0
596,红米Note8Pro_8GB256GB,广东电信亿品汇专卖店,389,8GB256GB,1699.0
597,OPPORenoAce_12GB256GB,OPPO官方旗舰店,388,12GB256GB,3799.0
598,VDVD_16GB,金诚时尚通讯,388,16GB,258.0
599,荣耀9x_4GB64GB,荣耀官方旗舰店,387,4GB64GB,1199.0
599,荣耀9x_6GB64GB,荣耀官方旗舰店,387,6GB64GB,1299.0
599,荣耀9x_6GB128GB,荣耀官方旗舰店,387,6GB128GB,1799.0
599,荣耀9x_8GB128GB,荣耀官方旗舰店,387,8GB128GB,1999.0
600,vivoiQOO_12GB128GB,苏宁易购官方旗舰店,386,12GB128GB,3098.0
601,iPhone8Plus_64GB,天玺数码科技,386,64GB,2399.0
601,iPhone8Plus_256GB,天玺数码科技,386,256GB,2698.0
602,OPPOK5_6GB128GB,OPPO平实专卖店,386,6GB128GB,1799.0
602,OPPOK5_8GB128GB,OPPO平实专卖店,386,8GB128GB,1999.0
602,OPPOK5_8GB256GB,OPPO平实专卖店,386,8GB256GB,2699.0
603,红米Note8Pro_6GB64GB,能良数码官方旗舰店,386,6GB64GB,1259.0
603,红米Note8Pro_8GB128GB,能良数码官方旗舰店,386,8GB128GB,1499.0
604,小米红米4A_16GB,乐申商城,385,16GB,279.0
604,小米红米4A_32GB,乐申商城,385,32GB,379.0
605,OPPOK3_6GB64GB,OPPO普天精诚专卖店,385,6GB64GB,1399.0
606,vivoiQOOPro5G_8GB128GB,vivo航鹰专卖店,384,8GB128GB,3498.0
606,vivoiQOOPro5G_8GB256GB,vivo航鹰专卖店,384,8GB256GB,3998.0
606,vivoiQOOPro5G_12GB128GB,vivo航鹰专卖店,384,12GB128GB,3798.0
607,we_16GB,金诚时尚通讯,384,16GB,268.0
608,诺基亚新105_4MB,苏宁易购官方旗舰店,383,4MB,149.0
609,华为畅享9_4GB64GB,君问数码官方旗舰店,383,4GB64GB,859.0
609,华为畅享9_4GB128GB,君问数码官方旗舰店,383,4GB128GB,959.0
610,vivoiQOONeo855_8GB128GB,vivo官方旗舰店,383,8GB128GB,2498.0
610,vivoiQOONeo855_6GB128GB,vivo官方旗舰店,383,6GB128GB,2198.0
611,HY_64MB,易购手机大卖场,381,64MB,338.0
612,天语T9_64MB,苏宁易购官方旗舰店,380,64MB,149.0
613,vivoiQOOPro5G_8GB128GB,vivo衡视专卖店,379,8GB128GB,3498.0
613,vivoiQOOPro5G_8GB256GB,vivo衡视专卖店,379,8GB256GB,3998.0
613,vivoiQOOPro5G_12GB128GB,vivo衡视专卖店,379,12GB128GB,3798.0
614,vivoX9S_64GB,馨馨手机数码,378,64GB,638.0
615,华为P20_64GB,亿兴数码城,378,64GB,1388.0
